phenotype,variant,pm,pf,bm,bf,nm0,nm1,nm2,nf0,nf1,nf2,gene_symbol,gene_region,cms_score
hct_vena_mean,20_31870090,0.000193799244750164,0.529381199985749,9.65296803652968,0.744075829383882,6,9,5,10,7,3,BPIFB1,Promoter,12.6127
hct_vena_mean,10_90713603,0.000221415199342196,0.11665930804386,-17.75,3.66666666666667,16,4,0,17,3,0,ACTA2; STAMBPL1,Promoter; Intronic,6.64021
hct_vena_mean,12_133339113,0.000982354298958464,0.487745545734893,13.7582417582418,-0.819905213270145,13,7,0,10,7,3,ANKLE2,Promoter,8.33344
hct_vena_mean,19_9695494,0.00107918977599499,0.206681092509214,-15.0666666666667,3.55555555555556,15,5,0,18,2,0,ZNF121,Promoter,7.10716
hct_vena_mean,12_95943104,0.00127379898724038,0.83556656218686,9.0392156862745,0.229508196721313,9,8,3,10,6,4,USP44,Promoter; Intronic,8.14042
hct_vena_mean,1_75175886,0.00215193882574275,0.452691456071497,10.6764705882353,-0.886255924170615,9,10,1,7,9,4,CRYZ,Exonic,13.3048
hct_vena_mean,1_75199214,0.00215193882574275,0.452691456071497,10.6764705882353,-0.886255924170615,9,10,1,7,9,4,TYW3; CRYZ,Promoter; Intronic; ncRNA,13.3048
hct_vena_mean,1_75199615,0.00215193882574275,0.452691456071497,10.6764705882353,-0.886255924170615,9,10,1,7,9,4,TYW3; CRYZ,Promoter; Intronic,13.3048
hct_vena_mean,1_75214441,0.00215193882574275,0.452691456071497,10.6764705882353,-0.886255924170615,9,10,1,7,9,4,TYW3,Exonic; ncRNA,13.3048
hct_vena_mean,12_133338893,0.00228715660576363,0.930969994828209,13.5238095238095,-0.101851851851856,14,6,0,11,6,3,ANKLE2,Promoter,8.33344
hct_vena_mean,2_234652717,0.0027548302956192,0.467939438557223,9.34502923976609,0.999999999999998,9,9,2,7,11,2,UGT1A10; DNAJB3; UGT1A5; UGT1A4; UGT1A3; UGT1A9; UGT1A8; UGT1A7; UGT1A6,Intronic; Promoter,10.9081
hct_vena_mean,3_111578124,0.00316725961796257,0.55430447009959,-10.2142857142857,-1.06593406593407,11,8,1,13,7,0,PHLDB2,Promoter; 5'UTR; Intronic,7.64932
hct_vena_mean,4_80247342,0.00405032423082726,0.696965030684727,10.0431654676259,0.52439024390244,10,9,1,8,10,2,NAA11,Promoter,7.64932
hct_vena_mean,16_8956703,0.00436206361095829,0.806669858124653,-10.0882352941177,0.357142857142858,13,6,1,11,8,1,CARHSP1,Promoter; Intronic,11.3317
hct_vena_mean,11_17298125,0.00443520490783713,0.131681723124595,9.92857142857146,-2.53535353535354,11,8,1,9,11,0,NUCB2,Promoter,7.86558
hct_vena_mean,13_24844979,0.00475618278615563,0.206681092509214,14.59375,3.55555555555556,16,4,0,18,2,0,SPATA13,Intronic; 5'UTR,13.5206
hct_vena_mean,17_72277879,0.00502012543415458,0.523746761191761,-11.6767676767677,-1.1010101010101,11,9,0,11,9,0,DNAI2,Exonic; Intronic; 5'UTR,13.0998
hct_vena_mean,14_94933640,0.00511160475147725,0.12612695408667,7.74999999999999,1.8265306122449,8,8,4,4,10,6,SERPINA9,Exonic,8.69024
hct_vena_mean,15_65822777,0.00545712397032036,0.931504342334464,-8.25641025641025,-0.129770992366414,8,9,3,5,13,2,HACD3,Promoter,10.3045
hct_vena_mean,1_206758077,0.00553479718218747,0.0229700864517853,-8.22448979591838,-3.10071942446043,6,10,4,3,13,4,RASSF5,Exonic; Intronic,7.27679
hct_vena_mean,15_57210670,0.00555535165097592,0.0325899056748678,-16.1176470588236,-7.94736842105265,17,3,0,19,1,0,LOC145783; TCF12; AC090517.4,ncRNA; Intronic; Promoter; 5'UTR,8.51173
hct_vena_mean,11_17298365,0.00560129668369157,0.347305046785576,9.75539568345326,-1.68131868131868,10,9,1,7,13,0,NUCB2,Promoter; 5'UTR,7.86558
hct_vena_mean,3_141747640,0.00560880298508699,0.663218978430524,11.5,-0.866666666666671,10,10,0,15,5,0,TFDP2,Promoter; Intronic,6.07837
hct_vena_mean,5_126852940,0.00562114532382979,0.926063967140649,11.5555555555555,0.107142857142856,11,9,0,8,8,4,PRRC1,Promoter,8.22861
hct_vena_mean,5_78908724,0.00576788450107132,0.498454025370791,-10.695652173913,-1.62745098039216,16,3,1,17,3,0,TENT2,Intronic; 5'UTR,6.85263
hct_vena_mean,21_44527669,0.00580428602339621,0.960995383202425,-10.0152671755725,0.0714285714285729,8,11,1,11,8,1,U2AF1L5; U2AF1,Promoter; 5'UTR,16.3117
hct_vena_mean,6_42044945,0.00686007764268057,0.208189001100044,-10.1290322580645,-1.82352941176471,7,12,1,13,6,1,TAF8,Exonic,6.69355
hct_vena_mean,4_66535991,0.00716789129905611,0.140909232344743,-9.52517985611512,1.92682926829268,10,9,1,8,10,2,EPHA5; EPHA5-AS1,Promoter; 5'UTR; ncRNA,6.69199
hct_vena_mean,9_116840772,0.00818737483433333,0.95694429277186,9.67938931297711,0.0791366906474831,8,11,1,12,7,1,AMBP,Promoter,8.01148
hct_vena_mean,6_147136212,0.00826290903210994,0.549544594969257,-8.75000000000002,0.687500000000002,4,12,4,8,8,4,ADGB,Exonic,7.2123
hct_vena_mean,12_123867994,0.0083923266476819,0.356275659689612,13.8125000000001,1.96875,16,4,0,16,4,0,KMT5A,Promoter,7.65185
hct_vena_mean,19_49457938,0.0085074147024802,0.380742463904157,15.4509803921569,2.09803921568628,17,3,0,17,3,0,BAX,Promoter,6.66246
hct_vena_mean,15_40213192,0.00874392451921039,0.827792754780789,11.2291666666667,0.328244274809162,12,8,0,14,5,1,GPR176,Promoter,8.46862
hct_vena_mean,15_40226294,0.00961299894038421,0.827792754780789,9.23741007194243,0.328244274809162,12,7,1,14,5,1,EIF2AK4,Promoter,7.33616
hct_vena_mean,6_46097569,0.0103707293490234,0.615017259167995,-18,-1,18,2,0,15,5,0,CLIC5; ENPP4,Promoter,7.81325
hct_vena_mean,6_160471556,0.0103707293490234,0.0288086240544029,-18,-5.8888888888889,18,2,0,18,2,0,IGF2R,Exonic,6.33404
hct_vena_mean,12_133263825,0.0104022970019455,0.611583806087476,-10.4132653061225,-0.527272727272726,1,13,5,10,5,5,POLE; PXMP2,Promoter; Intronic,8.90534
hct_vena_mean,20_14307388,0.010736218365071,0.574201756482081,11.7380952380952,1.61111111111111,14,6,0,18,2,0,FLRT3; MACROD2,Exonic; Intronic,12.6452
hct_vena_mean,17_56406239,0.010935432573032,0.410564691101074,-9.20588235294118,-1.4375,13,6,1,12,8,0,TSPOAP1-AS1; TSPOAP1,Promoter; Intronic,6.16911
hct_vena_mean,19_3801572,0.0114931760314078,0.250231652401883,13.34375,2.4375,16,4,0,16,4,0,MATK,5'UTR,6.03196
hct_vena_mean,2_183731972,0.0116638288546106,0.572393896365526,7.33649289099527,-0.742690058479534,10,7,3,6,11,3,FRZB,Promoter,7.30415
hct_vena_mean,13_76209961,0.0118600606469793,0.0313539402997257,9.02158273381294,2.9568345323741,12,7,1,12,7,1,LMO7; LMO7-AS1,Promoter; Intronic,12.2601
hct_vena_mean,11_76917220,0.0119858010085953,0.468356141921468,-12.2666666666667,1.35714285714286,15,5,0,14,6,0,MYO7A,Exonic,10.5382
hct_vena_mean,10_13341579,0.0129970713996007,0.101216008130374,8.45161290322581,2.33823529411765,7,11,2,9,10,1,PHYH,Intronic; 5'UTR,6.74575
hct_vena_mean,9_27261826,0.0130953255812176,0.403237997632325,-10.5656565656566,1.05434782608696,11,9,0,7,10,3,LINC00032,Splice Site,13.2562
hct_vena_mean,3_56591065,0.0143215705735053,0.987899352561947,-10.9010989010989,0.0229007633587801,7,13,0,14,5,1,CCDC66,Promoter,6.57973
hct_vena_mean,19_10024322,0.0145328733307875,0.734458752674299,6.94270833333333,-0.496402877697843,9,7,3,4,13,3,OLFM2,5'UTR; Intronic,6.9666
hct_vena_mean,19_45251156,0.0147257425320636,0.806669858124653,9.30645161290323,-0.357142857142859,7,12,1,11,8,1,BCL3,Promoter,10.6737
hct_vena_mean,10_91066769,0.0148096841260917,0.904882525188953,7.04629629629629,0.157894736842103,11,6,3,9,9,2,LIPA; IFIT2,Intronic; Exonic,6.35964
hct_vena_mean,19_53030848,0.0157332611837778,0.339652991690224,8.12500000000001,-1.24561403508772,4,12,4,9,9,2,ZNF808,Promoter,9.68818
hct_vena_mean,6_157802047,0.0157401039853714,0.287550497837592,-11.8666666666667,-1.58015267175573,15,5,0,14,5,1,ZDHHC14,Promoter,11.7601
hct_vena_mean,2_190649582,0.0166570073270476,0.631982323791696,-7.02369668246446,1.03125,10,7,3,16,4,0,ORMDL1; PMS1,Intronic; Promoter,6.25464
hct_vena_mean,9_113019508,0.0166687148555091,0.788965896259071,9.16129032258064,-0.647058823529412,15,4,1,17,3,0,TXN,Promoter,7.90605
hct_vena_mean,9_113018972,0.0166687148555091,0.246048132734943,9.16129032258064,3.27777777777778,15,4,1,18,2,0,TXN,Promoter,7.90605
hct_vena_mean,9_113018982,0.0166687148555091,0.246048132734943,9.16129032258064,3.27777777777778,15,4,1,18,2,0,TXN,Promoter,7.90605
hct_vena_mean,9_113019002,0.0166687148555091,0.246048132734943,9.16129032258064,3.27777777777778,15,4,1,18,2,0,TXN,Promoter,7.90605
hct_vena_mean,1_59250418,0.0171447078807352,0.585316356381062,9.47826086956524,0.958333333333335,16,3,1,12,8,0,JUN; LINC01135,Promoter,8.99408
hct_vena_mean,1_59250452,0.0171447078807352,0.585316356381062,9.47826086956524,0.958333333333335,16,3,1,12,8,0,JUN; LINC01135,Promoter,8.99408
hct_vena_mean,10_13391322,0.0171826751497516,0.574201756482081,11.7333333333333,1.61111111111111,15,5,0,18,2,0,SEPHS1,Promoter,6.74575
hct_vena_mean,17_26824156,0.0175235521793334,0.117366338215094,-7.57541899441341,-1.87179487179487,5,11,4,8,9,3,SLC13A2,Exonic,6.5278
hct_vena_mean,14_24438999,0.017548356409453,0.318402439143046,-16.8888888888889,-2.83333333333334,18,2,0,18,2,0,DHRS4L2,Promoter,10.3888
hct_vena_mean,6_16128965,0.0177687139239828,0.408592271481955,-8.43055555555555,1.01020408163265,6,12,2,4,10,6,MYLIP,Promoter,10.5639
hct_vena_mean,5_175969053,0.0178571777960472,0.211473190215975,-14.1568627450981,-1.79136690647482,17,3,0,12,7,1,CDHR2,Promoter,9.35384
hct_vena_mean,9_35072001,0.018464948757119,0.326948328521784,-8.79389312977098,1.30487804878049,8,11,1,16,2,2,VCP,Intronic; 5'UTR,14.0515
hct_vena_mean,7_100646938,0.0196650499656464,0.966131472786692,-10.4615384615384,0.0769230769230791,7,13,0,7,13,0,MUC12,Exonic,19.9416
hct_vena_mean,1_78470151,0.0197367588676344,0.693255672327323,8.46043165467627,-0.508379888268158,10,9,1,11,7,2,DNAJB4,Promoter; Intronic,6.55438
hct_vena_mean,1_198126046,0.0198531373454237,0.888454153963675,8.30555555555554,0.150579150579152,6,12,2,6,7,7,NEK7,Promoter,9.64302
hct_vena_mean,12_11183177,0.0200962751654018,0.315858566042308,-12.4375,1.79120879120879,16,4,0,13,7,0,TAS2R31; PRH1-TAS2R14; PRH1; PRH1-PRR4,Exonic; Intronic,8.31826
hct_vena_mean,4_77356246,0.0201216681828151,0.265965946644173,7.76829268292682,1.44444444444445,8,10,2,9,9,2,SHROOM3,Promoter,6.14247
hct_vena_mean,16_23161179,0.0203946041622786,0.332227415824702,-8.51470588235293,-1.6875,9,10,1,8,12,0,USP31,Promoter,7.43215
hct_vena_mean,16_23161525,0.0203946041622786,0.332227415824702,-8.51470588235293,-1.6875,9,10,1,8,12,0,USP31,Promoter,7.43215
hct_vena_mean,3_11624211,0.0209930509000579,0.529804835562208,8.38848920863308,1.13186813186813,10,9,1,13,7,0,VGLL4,Promoter; Intronic,6.5278
hct_vena_mean,7_28724502,0.0212746282570113,0.601143006821067,-7.05102040816328,-0.786259541984735,6,10,4,8,11,1,CREB5,Promoter; Intronic,10.2538
hct_vena_mean,17_30817911,0.0213477706699555,0.391100834012477,16.4444444444444,2.44444444444445,18,2,0,18,2,0,CDK5R1,3'UTR,7.16962
hct_vena_mean,7_55433110,0.021397312343148,0.685011133297258,-10.7619047619047,-0.652173913043481,14,6,0,16,3,1,LANCL2,Promoter,9.32678
hct_vena_mean,7_55433265,0.021397312343148,0.685011133297258,-10.7619047619047,-0.652173913043481,14,6,0,16,3,1,LANCL2,5'UTR,9.32678
hct_vena_mean,11_68192690,0.0219963278846894,0.879526196066196,-12.28125,0.285714285714287,16,4,0,14,6,0,LRP5,Exonic,12.1942
hct_vena_mean,22_30820077,0.0227539079203647,0.104271656369725,-9.97916666666665,2.28571428571429,8,12,0,11,8,1,SEC14L2; MTFP1,Promoter; 3'UTR,6.62345
hct_vena_mean,1_2716624,0.0228257762362255,0.0761513076730428,-7.47368421052631,-2.35483870967742,6,11,3,7,11,2,TTC34,Exonic,9.5021
hct_vena_mean,9_99697711,0.0240363078383471,0.338290461415467,-12.125,2.72222222222222,16,4,0,18,2,0,NUTM2G,Exonic,1.38594
hct_vena_mean,3_9438610,0.0240363078383473,0.944416973301352,16.1666666666667,-0.0967741935483861,18,2,0,17,1,2,SETD5; THUMPD3-AS1,Promoter; Intronic,6.03469
hct_vena_mean,3_9439069,0.0240363078383473,0.944416973301352,16.1666666666667,-0.0967741935483861,18,2,0,17,1,2,SETD5; THUMPD3-AS1,Promoter; Intronic,6.03469
hct_vena_mean,17_72270442,0.0255203132855862,0.318402439143047,-9.81250000000001,-1.7,12,8,0,10,10,0,DNAI2,5'UTR; ncRNA,13.0998
hct_vena_mean,7_7221427,0.0266788286952218,0.0218163350302517,11.9375,-5.15686274509804,16,4,0,17,3,0,C1GALT1,Promoter,11.5012
hct_vena_mean,7_7221968,0.0266788286952218,0.0218163350302517,11.9375,-5.15686274509804,16,4,0,17,3,0,C1GALT1,Promoter,11.5012
hct_vena_mean,2_170220175,0.0267947268822327,0.160523321767158,7.2982456140351,1.59360730593607,9,9,2,12,5,3,LRP2,Promoter,15.2813
hct_vena_mean,22_38597174,0.0273798460444625,0.692150672579477,9.70833333333335,-0.548387096774196,8,12,0,7,11,2,PLA2G6; MAFF,Promoter; Intronic,6.1604
hct_vena_mean,6_125623917,0.0282608504828606,0.713200883099017,8.00000000000001,-0.467391304347824,11,8,1,7,10,3,HDDC2,Promoter,6.61033
hct_vena_mean,17_56410041,0.0286109984734606,0.408616654247654,-7.06145251396649,-1,11,7,2,5,10,5,TSPOAP1-AS1; MIR142,Promoter; Intronic,6.16911
hct_vena_mean,19_42364395,0.0286564331741589,0.883326293044814,-6.50236966824642,-0.214285714285716,10,7,3,11,8,1,RPS19,Promoter; Intronic; 5'UTR,10.6014
hct_vena_mean,17_38137033,0.0287026695309978,0.0046146566000886,-6.74489795918367,3.06862745098039,6,10,4,9,8,3,PSMD3,Promoter,7.84963
hct_vena_mean,17_38137364,0.0287026695309978,0.0046146566000886,-6.74489795918367,3.06862745098039,6,10,4,9,8,3,PSMD3,Exonic,7.84963
hct_vena_mean,7_129984274,0.0290513983611865,0.417138232771384,11.78125,1.19117647058824,16,4,0,13,6,1,CPA5,Promoter,8.00836
hct_vena_mean,8_139927016,0.0290513983611872,0.749947671377179,11.78125,-0.687499999999999,16,4,0,16,4,0,COL22A1,Promoter,8.16807
hct_vena_mean,21_47649802,0.0292427638179747,0.384845018622081,-8.0735294117647,-1.06122448979592,9,10,1,6,10,4,LSS; MCM3AP-AS1,Promoter; Intronic,13.8873
hct_vena_mean,17_26733698,0.0294554331132853,0.581408326692133,-6.65000000000001,-0.750000000000004,5,10,5,4,12,4,SLC46A1,Promoter,6.5278
hct_vena_mean,7_12249893,0.0304898540591425,0.0953513303542397,10.8,2.2258064516129,15,5,0,7,11,2,TMEM106B,Promoter,7.70987
hct_vena_mean,5_132948390,0.0307738296581546,0.574393224829493,-7.29268292682926,-0.657407407407406,8,10,2,11,6,3,FSTL4,Promoter,10.3581
hct_vena_mean,5_76114963,0.0312885842836485,0.0213662961659725,7.12280701754385,2.82456140350878,9,9,2,6,11,3,F2RL1,5'UTR,9.0911
hct_vena_mean,6_35265418,0.0318694546568538,0.996084121364942,-9.33333333333335,0.00719424460431791,9,11,0,12,7,1,DEF6,Promoter,6.00903
hct_vena_mean,6_125623274,0.0322789854723787,0.379633015164125,6.30555555555556,-0.924242424242427,11,6,3,5,6,9,HDDC2,Promoter,6.61033
hct_vena_mean,11_112096637,0.03273678350177,0.788965896259071,-9.6923076923077,-0.64705882352941,18,1,1,17,3,0,PTS,Promoter,10.5109
hct_vena_mean,11_112096646,0.03273678350177,0.788965896259071,-9.6923076923077,-0.64705882352941,18,1,1,17,3,0,PTS,Promoter,10.5109
hct_vena_mean,6_147136244,0.0329003072684781,0.549544594969257,-6.90502793296091,0.687500000000002,5,11,4,8,8,4,ADGB,Exonic,7.2123
hct_vena_mean,2_85570797,0.0336500567180181,0.920157395279122,-9.64835164835166,0.200000000000001,13,7,0,15,5,0,RETSAT,Exonic,6.00515
hct_vena_mean,1_182360315,0.0337369014697088,0.189307638409974,6.57142857142858,1.75,6,10,4,4,12,4,GLUL,Exonic; 5'UTR; Intronic,12.0798
hct_vena_mean,6_19839486,0.0342919084427813,0.0325899056748678,11.46875,-7.94736842105265,16,4,0,19,1,0,ID4,3'UTR,13.3144
hct_vena_mean,9_20988426,0.034548372188671,0.39815747327304,-6.84916201117318,1.34782608695652,13,5,2,16,3,1,FOCAD,Exonic,8.58983
hct_vena_mean,16_28519250,0.0346728121121266,0.423115265850293,7.8529411764706,-1.19847328244275,13,6,1,14,5,1,IL27,Promoter,15.073
hct_vena_mean,10_50038876,0.0352327192886847,0.547829871358195,-15.2222222222222,-1.72222222222222,18,2,0,18,2,0,WDFY4,Exonic,9.69997
hct_vena_mean,5_10564017,0.0357786979768726,0.296934807257406,7.72661870503598,-1.5,12,7,1,11,8,1,ANKRD33B,Promoter,9.03718
hct_vena_mean,22_36925497,0.0376464121504946,0.455048065113689,-6.8068181818182,-1.0863309352518,10,8,2,10,9,1,EIF3D,Promoter,11.8951
hct_vena_mean,7_20826452,0.0377286801495186,0.462911910115666,-7.04878048780487,-1.17391304347826,8,10,2,6,13,1,SP8,5'UTR,10.5796
hct_vena_mean,21_38444995,0.0378201211429814,0.358514488064279,-6.46153846153846,1.18181818181818,8,9,3,10,8,2,PIGP; TTC3,Intronic; Promoter; 5'UTR,10.5382
hct_vena_mean,21_38445879,0.0378201211429814,0.461367114127823,-6.46153846153846,0.944134078212292,8,9,3,11,7,2,PIGP; TTC3,Intronic; Promoter,10.5382
hct_vena_mean,21_38446054,0.0378201211429814,0.461367114127823,-6.46153846153846,0.944134078212292,8,9,3,11,7,2,PIGP; TTC3,Intronic; Promoter,10.5382
hct_vena_mean,3_88188420,0.0382167459215767,0.615017259167996,10.4,1,15,5,0,15,5,0,ZNF654; CGGBP1,Exonic; Intronic; 5'UTR,8.29647
hct_vena_mean,3_88189341,0.0382167459215767,0.615017259167996,10.4,1,15,5,0,15,5,0,ZNF654; CGGBP1,Exonic; Intronic,8.29647
hct_vena_mean,3_88199179,0.0382167459215767,0.615017259167996,10.4,1,15,5,0,15,5,0,C3orf38; CGGBP1,Promoter; 5'UTR,8.29647
hct_vena_mean,3_88199298,0.0382167459215767,0.615017259167996,10.4,1,15,5,0,15,5,0,C3orf38; CGGBP1,Promoter; Exonic,8.29647
hct_vena_mean,22_38598234,0.0382538376822253,0.692150672579477,9.05050505050506,-0.548387096774196,9,11,0,7,11,2,PLA2G6; MAFF,Promoter; Intronic; 5'UTR,6.1604
hct_vena_mean,11_705297,0.0382538376822253,0.83544109285161,9.05050505050506,-0.234042553191488,9,11,0,9,7,4,EPS8L2; DEAF1,Promoter; Intronic,7.79295
hct_vena_mean,1_48937946,0.0382658918518177,0.0623746953509081,-6.19905213270142,-2.26086956521739,7,9,4,7,10,3,SPATA6,Promoter,9.27495
hct_vena_mean,15_45027786,0.0386093364029415,0.550851266654618,-9.80952380952382,1.11904761904762,14,6,0,14,6,0,TRIM69,Promoter; Intronic,13.8595
hct_vena_mean,7_150217309,0.0388628519502238,0.784625116661167,-6.35,0.347826086956523,5,10,5,7,10,3,GIMAP7,Exonic,7.69827
hct_vena_mean,7_16686501,0.0398810171576355,0.835441092851608,6.68156424581005,0.23404255319149,11,7,2,9,7,4,ANKMY2; BZW2,Promoter; Intronic,7.15628
hct_vena_mean,13_111805412,0.0400203117352493,0.286500636719364,12.5098039215687,4.15789473684211,17,3,0,19,1,0,ARHGEF7; LOC101060553,Intronic; ncRNA; Promoter,7.1836
hct_vena_mean,6_160560845,0.0400203117352503,0.983417164676706,12.5098039215686,0.0322580645161296,17,3,0,15,4,1,SLC22A1,Exonic,8.44082
hct_vena_mean,6_160494409,0.0400203117352503,0.531630908076488,12.5098039215686,1.34375,17,3,0,16,4,0,IGF2R,Exonic,6.33404
hct_vena_mean,14_90722778,0.0402579620364955,0.0928572890492639,-6.6703910614525,-2.36690647482014,11,7,2,12,7,1,PSMC1,Promoter,7.33561
hct_vena_mean,14_90722824,0.0402579620364955,0.0928572890492639,-6.6703910614525,-2.36690647482014,11,7,2,12,7,1,PSMC1,Promoter,7.33561
hct_vena_mean,14_90723000,0.0402579620364955,0.0928572890492639,-6.6703910614525,-2.36690647482014,11,7,2,12,7,1,PSMC1,Intronic; Promoter,7.33561
hct_vena_mean,14_90723059,0.0402579620364955,0.0928572890492639,-6.6703910614525,-2.36690647482014,11,7,2,12,7,1,PSMC1,Intronic; Promoter,7.33561
hct_vena_mean,2_28824793,0.0412373244306098,0.180170375369892,-6.79532163742689,1.80769230769231,9,9,2,5,12,3,PLB1,Exonic; ncRNA,15.9167
hct_vena_mean,16_56671841,0.0419088750313735,0.529804835562208,5.67213114754099,1.13186813186813,10,6,4,13,7,0,MT1A,Promoter,6.91485
hct_vena_mean,14_24912151,0.0419442982102264,0.741752407219496,8.26086956521739,-0.333333333333332,6,13,1,9,5,6,SDR39U1; LOC101927045,Promoter,18.0335
hct_vena_mean,5_94726879,0.0420411276771249,0.234343367646107,-7.51079136690645,1.43877551020408,3,13,4,6,10,4,FAM81B,Promoter,8.23278
hct_vena_mean,13_76209789,0.0420421778224402,0.0495461730660501,6.91463414634146,2.72661870503597,8,10,2,10,9,1,LMO7; LMO7-AS1,Promoter; Intronic,12.2601
hct_vena_mean,3_122785596,0.0420555504384968,0.622658292454536,7.9516129032258,-0.740458015267177,15,4,1,14,5,1,PDIA5,Promoter,12.0462
hct_vena_mean,16_74425548,0.0425585987879236,0.752401211357706,7.0967741935484,0.435897435897435,7,11,2,3,12,5,NPIPB15,Exonic,9.91372
hct_vena_mean,1_16400384,0.0444851395657653,0.762276139543767,-5.96296296296296,0.419354838709679,11,6,3,7,11,2,FAM131C,Promoter,10.0636
hct_vena_mean,3_134514395,0.0446171996243141,0.78853219919258,6.60227272727272,0.404580152671757,10,8,2,14,5,1,EPHB1,5'UTR,6.14051
hct_vena_mean,14_94919144,0.0446171996243142,0.219920330004417,6.60227272727272,1.77941176470588,10,8,2,13,6,1,SERPINA11,Promoter,8.69024
hct_vena_mean,16_12009614,0.0453559462367992,0.907483362474914,7.1640625,-0.161290322580643,11,7,1,7,11,2,GSPT1,5'UTR; Intronic,7.32113
hct_vena_mean,13_111358488,0.0454346386566961,0.58363471092539,-7.48529411764705,-0.649289099526069,9,10,1,7,9,4,CARS2,Promoter; Intronic,7.56925
hct_vena_mean,13_111358705,0.0454346386566961,0.58363471092539,-7.48529411764705,-0.649289099526069,9,10,1,7,9,4,CARS2,Promoter; Intronic,7.56925
hct_vena_mean,5_79951133,0.0454348050343093,0.683738717867016,-6.00947867298578,-0.736263736263735,7,9,4,13,7,0,DHFR; MSH3,Promoter; Intronic,8.96099
hct_vena_mean,3_156543482,0.0461856464527121,0.192178711128842,-7.38129496402877,-2.2,12,7,1,10,10,0,LEKR1,Promoter,6.57018
hct_vena_mean,1_40916218,0.0471863838543938,0.669881279080337,-7.57251908396946,0.750000000000002,8,11,1,12,8,0,ZFP69B,Intronic; 5'UTR,6.67527
hct_vena_mean,9_35301140,0.0473837894475896,0.250231652401883,-10,2.4375,15,5,0,16,4,0,UNC13B,Exonic; Intronic,14.0515
hct_vena_mean,21_47705673,0.0474881500370571,0.405644825447727,-6.61988304093567,-1.125,9,9,2,4,12,4,MCM3AP; YBEY,Promoter,13.8873
hct_vena_mean,4_40778162,0.047571261610155,0.954768769344325,12.1176470588235,0.137254901960785,17,3,0,17,3,0,NSUN7,Exonic,6.70259
hct_vena_mean,9_130829564,0.0483736790182446,0.113312021782444,-6.59649122807017,2.26470588235294,6,11,3,9,10,1,NAIF1; SLC25A25,Promoter; 5'UTR,9.62303
hct_vena_mean,17_26645991,0.0487786706030301,0.771883518720421,-5.35135135135136,-0.424460431654682,7,7,6,4,13,3,TMEM97,Promoter,7.94635
hct_vena_mean,17_80789628,0.0489731091879256,0.11552685539672,-5.0446735395189,2.10256410256411,9,5,6,3,12,5,TBCD; ZNF750,Exonic; Intronic,16.5981
hct_vena_mean,22_21363744,0.0492296953703076,0.355622546678974,5.42629482071714,1.17877094972067,8,7,5,5,11,4,THAP7-AS1; TUBA3FP,ncRNA; Splice Site,6.39899
hct_vena_mean,10_97666538,0.0493713539497674,0.850134459287136,-7.36764705882352,-0.30434782608696,13,6,1,6,13,1,ENTPD1-AS1; CC2D2B,Promoter; Intronic,8.13445
hct_vena_mean,10_97667683,0.0493713539497674,0.850134459287136,-7.36764705882352,-0.30434782608696,13,6,1,6,13,1,ENTPD1-AS1; CC2D2B,Promoter; Intronic,8.13445
hct_vena_mean,20_48729711,0.0495773764806012,0.729049032847681,-7.70967741935483,0.357142857142857,7,12,1,7,6,7,UBE2V1; TMEM189-UBE2V1,Intronic; ncRNA; Promoter; 5'UTR,6.50384
hct_vena_mean,20_48732497,0.0495773764806012,0.854441496570239,-7.70967741935483,0.196911196911196,7,12,1,7,7,6,UBE2V1; TMEM189-UBE2V1,Promoter; Intronic,6.50384
hct_vena_mean,3_111577776,0.0497256464591726,0.139290265509043,-6.56140350877193,-1.82608695652174,9,9,2,7,10,3,PHLDB2,Promoter; Intronic,7.64932
hct_vena_mean,3_111577787,0.0497256464591726,0.139290265509043,-6.56140350877193,-1.82608695652174,9,9,2,7,10,3,PHLDB2,Promoter; Intronic,7.64932
hct_vena_mean,3_111577836,0.0497256464591726,0.139290265509043,-6.56140350877193,-1.82608695652174,9,9,2,7,10,3,PHLDB2,Promoter; Intronic,7.64932
hct_vena_mean,3_111577994,0.0497256464591726,0.139290265509043,-6.56140350877193,-1.82608695652174,9,9,2,7,10,3,PHLDB2,Promoter; Intronic,7.64932
hct_vena_mean,3_111578045,0.0497256464591726,0.139290265509043,-6.56140350877193,-1.82608695652174,9,9,2,7,10,3,PHLDB2,Promoter; 5'UTR; Intronic,7.64932
hct_vena_mean,2_68592315,0.0497585352011374,0.712730052234862,-8.00000000000002,-0.733333333333333,6,13,1,15,5,0,PLEK,Promoter,8.89515
hct_vena_mean,9_138376541,0.0497585352011379,0.713490439024861,-8.00000000000001,1.05555555555556,16,3,1,18,2,0,PPP1R26,Exonic,7.27898
hct_vena_mean,4_120133712,0.0786970595034578,0.0332763667597749,6.58992805755397,2.60227272727273,10,9,1,10,8,2,USP53; LOC101929762,Promoter; ncRNA,6.6163
hct_vena_mean,4_122149001,0.0797968687235138,0.0309141761946258,5.78770949720669,-2.80645161290323,4,11,5,7,11,2,TNIP3,Promoter,6.44039
hct_vena_mean,11_126081403,0.0893228061752177,0.00479054262754035,6.45588235294117,-4.45833333333333,13,6,1,12,8,0,RPUSD4; FAM118B,Promoter; Exonic,11.5581
hct_vena_mean,7_32931923,0.0936249099416873,0.00481000074485998,6.28571428571429,-7.27777777777778,11,8,1,18,2,0,KBTBD2,Promoter,15.7131
hct_vena_mean,7_32931951,0.0936249099416873,0.00481000074485998,6.28571428571429,-7.27777777777778,11,8,1,18,2,0,KBTBD2,Promoter,15.7131
hct_vena_mean,7_12376811,0.10681072746677,0.0119676652628352,8.96874999999999,3.37410071942446,16,4,0,10,9,1,VWDE,Exonic; ncRNA,7.70987
hct_vena_mean,1_111854925,0.114682883358576,0.0325899056748683,-9.84313725490198,-7.94736842105264,17,3,0,19,1,0,CHIA,Exonic; Intronic,14.3399
hct_vena_mean,1_46397941,0.12392334277802,0.000462440300904419,-4.33466135458169,-4.48091603053435,8,7,5,5,13,2,MAST2,Exonic; Intronic,6.26516
hct_vena_mean,1_46493460,0.12392334277802,0.000462440300904419,-4.33466135458169,-4.48091603053435,8,7,5,5,13,2,MAST2,Exonic,6.26516
hct_vena_mean,1_46521559,0.12392334277802,0.00211431970971883,-4.33466135458169,-4.57692307692308,8,7,5,5,14,1,AL358075.4; PIK3R3; LOC110117498-PIK3R3,Exonic; ncRNA; Intronic,6.26516
hct_vena_mean,1_46598269,0.12392334277802,0.000462440300904419,-4.33466135458169,-4.48091603053435,8,7,5,5,13,2,AL358075.4; LOC101929626; PIK3R3; LOC110117498-PIK3R3,ncRNA; Intronic; Promoter; 5'UTR,6.26516
hct_vena_mean,1_46598273,0.12392334277802,0.00211431970971883,-4.33466135458169,-4.57692307692308,8,7,5,5,14,1,AL358075.4; LOC101929626; PIK3R3; LOC110117498-PIK3R3,ncRNA; Intronic; Promoter; 5'UTR,6.26516
hct_vena_mean,1_46598903,0.12392334277802,0.000462440300904419,-4.33466135458169,-4.48091603053435,8,7,5,5,13,2,AL358075.4; LOC101929626; PIK3R3; LOC110117498-PIK3R3,Intronic; Promoter,6.26516
hct_vena_mean,10_23633566,0.125989058209873,0.00361337069659166,5.96946564885496,-4.69230769230769,14,5,1,13,7,0,C10orf67; LOC105376453,Exonic; ncRNA,10.5412
hct_vena_mean,1_40915739,0.15581497147479,0.00724443786377206,10.6111111111111,5.25,18,2,0,16,4,0,ZFP69B,5'UTR; Promoter,6.67527
hct_vena_mean,17_38075426,0.163209501368972,0.0301740655215739,-5.01282051282051,3.52525252525253,5,12,3,9,11,0,GSDMB,Promoter,7.84963
hct_vena_mean,1_231664203,0.167198924429477,0.0102216933066927,6.33333333333335,-5.0625,12,8,0,16,4,0,TSNAX; TSNAX-DISC1; AL445524.2,Promoter; 5'UTR,11.2514
hct_vena_mean,13_76210233,0.170605107607794,0.00441125359697214,4.4102564102564,4.04310344827587,8,9,3,7,11,1,LMO7; LMO7-AS1,Promoter; Intronic,12.2601
hct_vena_mean,9_33473893,0.190021881319331,0.0371635441991683,4.60975609756097,3.45833333333334,16,2,2,12,8,0,NOL6,5'UTR,9.60522
hct_vena_mean,7_21659626,0.195228620928553,0.0437748885718404,-5.95833333333331,-3.8,12,8,0,15,5,0,DNAH11,Exonic,7.23834
hct_vena_mean,7_155089156,0.201351545129509,0.0210505976639078,3.60156249999999,-2.89024390243903,12,4,4,8,10,2,INSIG1,Promoter,7.18869
hct_vena_mean,12_11338957,0.211930418403919,0.0311062027925403,-4.21229050279331,3.5625,11,7,2,12,8,0,TAS2R42,Exonic,8.31826
hct_vena_mean,11_15136264,0.222408666493818,0.0115757374892933,-3.94871794871796,-4.35714285714286,8,9,3,14,6,0,INSC,Intronic; Promoter,6.64735
hct_vena_mean,15_75165751,0.235539863204337,0.0306414916292208,3.23636363636365,2.29565217391305,10,5,5,10,5,4,SCAMP2,Promoter,8.54659
hct_vena_mean,14_74353204,0.238578454284176,0.0415021911566091,-4.57352941176469,-3.48351648351649,13,6,1,13,7,0,PTGR2; ZNF410,Promoter; 3'UTR,6.49379
hct_vena_mean,8_144623852,0.240552562085867,0.0207083178935078,-4.6412213740458,-2.5068493150685,5,13,2,6,9,5,ZC3H3,Promoter,6.29235
hct_vena_mean,8_144624438,0.240552562085867,0.0207083178935078,-4.6412213740458,-2.5068493150685,5,13,2,6,9,5,ZC3H3,Promoter,6.29235
hct_vena_mean,7_155088278,0.241061533279708,0.0210505976639078,3.19999999999999,-2.89024390243903,10,5,5,8,10,2,INSIG1,Promoter,7.18869
hct_vena_mean,7_155088371,0.241061533279708,0.0210505976639078,3.19999999999999,-2.89024390243903,10,5,5,8,10,2,INSIG1,Promoter,7.18869
hct_vena_mean,7_155088948,0.241061533279708,0.0210505976639078,3.19999999999999,-2.89024390243903,10,5,5,8,10,2,INSIG1,Promoter,7.18869
hct_vena_mean,7_29186256,0.253398593541957,0.00617400750222523,6.46874999999999,-4.47252747252748,16,4,0,13,7,0,CHN2; CPVL,Exonic; Intronic; Promoter,6.81744
hct_vena_mean,11_10471738,0.256743703361047,0.0412527809832426,-4.35971223021582,-3.34343434343435,12,7,1,9,11,0,AMPD3,Promoter,8.99631
hct_vena_mean,15_84488636,0.259817679106605,0.000461067098366132,3.51658767772512,-3.33898305084746,7,9,4,7,8,5,ADAMTSL3,Exonic,9.98991
hct_vena_mean,10_11206348,0.27110781713695,0.0402195146179152,-4.48387096774195,-2.55555555555556,7,12,1,6,11,3,CELF2,Promoter; Intronic,7.21172
hct_vena_mean,17_50236193,0.273363945191244,0.0340291380444169,-4.21582733812949,2.32420091324201,12,7,1,12,5,3,CA10,Promoter; Intronic,8.06501
hct_vena_mean,12_11323939,0.311476988066377,0.0311062027925403,-3.44134078212291,3.5625,13,5,2,12,8,0,SMIM10L1; PRH1-TAS2R14; PRH1; PRH1-PRR4,5'UTR; Intronic,8.31826
hct_vena_mean,12_11323994,0.311476988066377,0.0311062027925403,-3.44134078212291,3.5625,13,5,2,12,8,0,SMIM10L1; PRH1-TAS2R14; PRH1; PRH1-PRR4,Exonic; Intronic,8.31826
hct_vena_mean,12_11324176,0.311476988066377,0.0311062027925403,-3.44134078212291,3.5625,13,5,2,12,8,0,SMIM10L1; PRH1-TAS2R14; PRH1; PRH1-PRR4,ncRNA; 5'UTR; 3'UTR,8.31826
hct_vena_mean,12_11324344,0.311476988066377,0.0311062027925403,-3.44134078212291,3.5625,13,5,2,12,8,0,SMIM10L1; PRH1-TAS2R14; PRH1; PRH1-PRR4,Promoter; 3'UTR,8.31826
hct_vena_mean,12_11324364,0.311476988066377,0.0311062027925403,-3.44134078212291,3.5625,13,5,2,12,8,0,SMIM10L1; PRH1-TAS2R14; PRH1; PRH1-PRR4,Promoter; 3'UTR,8.31826
hct_vena_mean,17_36908048,0.322510447569676,0.00318635124011065,5.19999999999999,-4.21739130434783,15,5,0,16,3,1,PSMB3; PCGF2,Promoter,8.50498
hct_vena_mean,6_111136602,0.33137632851644,0.00206869374648607,-4.63736263736264,-5.84375,18,1,1,16,4,0,CDK19; AMD1,Promoter; Intronic; 5'UTR,11.4069
hct_vena_mean,10_86259658,0.33432245323866,0.0121349292104425,3.27777777777777,4.33333333333333,12,6,2,14,6,0,CCSER2,Exonic; Intronic,6.32637
hct_vena_mean,19_40476642,0.342578601089508,0.0325899056748678,-5.40624999999997,-7.94736842105265,16,4,0,19,1,0,PSMC4,Promoter,15.3129
hct_vena_mean,3_54156321,0.353694676819861,0.000652933476851804,-5.92156862745099,-8.3888888888889,17,3,0,18,2,0,CACNA2D3,Promoter,9.33744
hct_vena_mean,10_86273249,0.366264178200534,0.0378570806734186,-3.49640287769784,-3.08333333333334,4,13,3,3,14,3,CCSER2,Exonic,6.32637
hct_vena_mean,14_100150445,0.367244451803792,0.0208097370460329,-2.67796610169491,-2.8125,7,8,5,4,11,4,CYP46A1,Promoter,10.4496
hct_vena_mean,17_39535859,0.378494205402906,0.0348979524936006,3.41007194244603,-4.28125000000001,12,7,1,16,4,0,KRT34,Exonic,8.44462
hct_vena_mean,8_11660614,0.379238003178672,0.0115898183394178,-2.86734693877549,3.48854961832061,6,10,4,8,11,1,FDFT1,Intronic; 5'UTR,16.4462
hct_vena_mean,8_11660916,0.379238003178672,0.0115898183394178,-2.86734693877549,3.48854961832061,6,10,4,8,11,1,FDFT1,Intronic; 5'UTR,16.4462
hct_vena_mean,18_60027241,0.398309968347766,0.041963989465934,3.8787878787879,-2.81294964028777,11,9,0,10,9,1,TNFRSF11A,Exonic,8.00949
hct_vena_mean,16_2932969,0.443328829433248,0.0261812037016139,-2.51282051282052,-2.56122448979592,8,9,3,4,10,6,FLYWCH2,Promoter,8.12585
hct_vena_mean,16_2933280,0.443328829433248,0.0261812037016139,-2.51282051282052,-2.56122448979592,8,9,3,4,10,6,FLYWCH2,5'UTR; Intronic,8.12585
hct_vena_mean,14_103388999,0.447505905111036,0.0245755642310953,-3.49494949494948,-2.46296296296297,11,9,0,11,6,3,AMN,5'UTR,8.43324
hct_vena_mean,19_53958126,0.450643902930034,0.00481000074485989,-2.7741935483871,-7.27777777777779,17,1,2,18,2,0,AC022137.3; ZNF761; ZNF765-ZNF761,Exonic; Intronic,10.0217
hct_vena_mean,4_13545792,0.454263245463735,0.000340681803094291,2.74358974358975,-3.64705882352942,5,12,3,9,8,3,NKX3-2,Exonic,6.485
hct_vena_mean,4_5755542,0.45874266890403,0.0407942645211248,-2.53631284916202,2.67741935483871,11,7,2,7,11,2,EVC,Exonic,7.94926
hct_vena_mean,1_161493545,0.460091678477971,0.0479695011163238,2.81944444444445,2.47368421052631,6,12,2,6,11,3,HSPA6,Promoter,8.98459
hct_vena_mean,1_161494311,0.460091678477971,0.0479695011163238,2.81944444444445,2.47368421052631,6,12,2,6,11,3,HSPA6,Promoter,8.98459
hct_vena_mean,9_33290532,0.461150573103022,0.0474638864999096,3.53846153846156,-2.77941176470588,13,7,0,13,6,1,NFX1,Promoter; 5'UTR,9.60522
hct_vena_mean,22_23522669,0.477860808782012,0.0469424393177722,-2.30000000000002,-2.43103448275862,5,10,5,7,9,3,BCR,Promoter; 5'UTR,8.85633
hct_vena_mean,12_1740480,0.480546217083892,0.0325899056748678,-3.73333333333334,-7.94736842105265,15,5,0,19,1,0,WNT5B,5'UTR,9.40587
hct_vena_mean,19_53073670,0.480546217083894,0.0288086240544029,3.73333333333332,-5.8888888888889,15,5,0,18,2,0,ZNF701,Promoter; Intronic,9.68818
hct_vena_mean,4_114683773,0.495709114687411,0.00527545256315305,3.27472527472527,-5.00000000000001,18,1,1,15,5,0,CAMK2D,Promoter,7.35391
hct_vena_mean,8_11665217,0.517936781198945,0.0189272200481829,-1.98214285714284,3.22058823529412,8,8,4,9,10,1,FDFT1,Intronic; Promoter,16.4462
hct_vena_mean,14_35747918,0.524546701362726,0.00641403654550144,2.28048780487803,-2.72131147540984,8,10,2,10,6,4,PSMA6,Exonic,20.6549
hct_vena_mean,14_35761366,0.524546701362726,0.00641403654550144,2.28048780487803,-2.72131147540984,8,10,2,10,6,4,PSMA6,Promoter; Intronic,20.6549
hct_vena_mean,14_35761592,0.524546701362726,0.00641403654550144,2.28048780487803,-2.72131147540984,8,10,2,10,6,4,PSMA6,Promoter; Intronic; 5'UTR; ncRNA,20.6549
hct_vena_mean,8_27631719,0.526496453440055,0.0412527809832427,-2.16666666666667,3.34343434343435,12,6,2,11,9,0,CCDC25; ESCO2,Promoter,9.77651
hct_vena_mean,8_27632143,0.526496453440055,0.0412527809832427,-2.16666666666667,3.34343434343435,12,6,2,11,9,0,CCDC25; ESCO2,Promoter; Intronic,9.77651
hct_vena_mean,16_4475868,0.527387683837665,0.00641403654550144,2.53435114503818,-2.72131147540984,14,5,1,10,6,4,DNAJA3,Promoter; 5'UTR,7.94854
hct_vena_mean,16_4476089,0.527387683837665,0.00641403654550144,2.53435114503818,-2.72131147540984,14,5,1,10,6,4,DNAJA3,Exonic,7.94854
hct_vena_mean,7_91570129,0.527488134054935,0.00792685668899018,2.90000000000002,-4.36263736263737,10,10,0,13,7,0,AKAP9,Promoter,6.26516
hct_vena_mean,7_91570290,0.527488134054935,0.00792685668899018,2.90000000000002,-4.36263736263737,10,10,0,13,7,0,AKAP9,Promoter; 5'UTR,6.26516
hct_vena_mean,11_120175749,0.532299210479053,0.0362087299393481,4.77777777777777,-3.17391304347826,18,2,0,16,3,1,POU2F3,Exonic,7.47416
hct_vena_mean,8_59184107,0.538341449518392,0.0325899056748683,-3.53125000000001,-7.94736842105264,16,4,0,19,1,0,LOC101929528,Splice Site,7.27497
hct_vena_mean,8_11666451,0.550772257415759,0.0189272200481829,-1.8862559241706,3.22058823529412,7,9,4,9,10,1,FDFT1,Intronic; Promoter,16.4462
hct_vena_mean,12_11183922,0.559006454919491,0.0170203735174263,-2.92857142857145,-3.82828282828283,6,14,0,11,9,0,TAS2R31; PRH1-TAS2R14; PRH1; PRH1-PRR4,Exonic; Intronic,8.31826
hct_vena_mean,6_69349073,0.565512478828539,0.0150866389936366,-2.37096774193549,4.46666666666667,15,4,1,15,5,0,ADGRB3,Exonic,8.9686
hct_vena_mean,11_64645871,0.565512478828539,0.0173344722379645,-2.37096774193549,-4.75000000000001,15,4,1,16,4,0,EHD1,Exonic,8.1146
hct_vena_mean,11_64648049,0.565512478828539,0.0173344722379645,-2.37096774193549,-4.75000000000001,15,4,1,16,4,0,EHD1; MIR10392,Promoter,8.1146
hct_vena_mean,5_145562994,0.571886328329536,0.0265700296550911,-1.97413793103449,-2.66666666666667,7,9,3,12,6,2,LARS; LARS1,Promoter,9.12524
hct_vena_mean,11_35440976,0.575812337473236,0.0291040003239696,-1.9217877094972,-3.54545454545455,11,7,2,9,11,0,SLC1A2,Intronic; Promoter; 5'UTR,9.21559
hct_vena_mean,19_46274017,0.587650907579471,0.034897952493601,3.49019607843137,-4.28125,17,3,0,16,4,0,DMPK; SIX5; DM1-AS,Promoter; Intronic,6.62534
hct_vena_mean,11_63381877,0.606163630932844,0.0486377060153076,2.1290322580645,2.43181818181818,7,12,1,10,8,2,PLAAT3,Promoter; 5'UTR,-1
hct_vena_mean,11_63382023,0.606163630932844,0.0486377060153076,2.1290322580645,2.43181818181818,7,12,1,10,8,2,PLAAT3,Promoter,-1
hct_vena_mean,2_47403129,0.608342697843893,0.0450646343395803,1.38144329896908,2.41304347826087,9,5,6,7,10,3,CALM2,Promoter; Intronic,7.22549
hct_vena_mean,14_37641880,0.611183754392935,0.019595363135537,-1.57990867579907,2.57345971563981,6,9,5,7,9,4,SLC25A21; SLC25A21-AS1,Promoter; 5'UTR; ncRNA,6.11753
hct_vena_mean,14_60976537,0.617201793887586,0.00908386806191491,2.06451612903225,-4.47619047619048,15,4,1,14,6,0,SIX6,Exonic,7.01192
hct_vena_mean,9_34612405,0.617201793887586,0.0181625066276283,2.06451612903225,-3.52173913043479,15,4,1,16,3,1,RPP25L,Promoter,8.81985
hct_vena_mean,13_110435231,0.618352833795164,0.0436927870665078,1.38181818181819,-2.125,10,5,5,6,8,6,IRS2,Exonic,7.67459
hct_vena_mean,12_11183903,0.629056131248951,0.0364360581285079,-2.32967032967035,-3.4,7,13,0,10,10,0,TAS2R31; PRH1-TAS2R14; PRH1; PRH1-PRR4,Exonic; Intronic,8.31826
hct_vena_mean,12_11183901,0.629056131248951,0.0426554922235409,-2.32967032967035,-3.32323232323232,7,13,0,11,9,0,TAS2R31; PRH1-TAS2R14; PRH1; PRH1-PRR4,Exonic; Intronic,8.31826
hct_vena_mean,17_72931519,0.633079457401684,0.0259680144176545,2.15384615384615,-3.34782608695652,17,2,1,16,3,1,OTOP3,Promoter,6.02472
hct_vena_mean,2_169658944,0.635584083799601,0.0335795776953601,-2.28571428571427,2.95588235294118,13,7,0,13,6,1,NOSTRIN,Promoter; 5'UTR,7.97702
hct_vena_mean,11_106889443,0.644005597195617,0.0118209166562484,-1.8235294117647,-4.6,9,10,1,15,5,0,GUCY1A2,Promoter,12.339
hct_vena_mean,11_107730904,0.652090934349935,0.0483682335846431,1.77941176470587,-3.52380952380953,9,10,1,14,6,0,SLC35F2,Intronic; Promoter,9.3207
hct_vena_mean,19_41221513,0.693509383372711,0.0335372663653922,-1.53956834532373,-3.76190476190477,10,9,1,14,6,0,ITPKC; COQ8B,Promoter; Intronic,9.35824
hct_vena_mean,19_41256131,0.693509383372711,0.0335372663653922,-1.53956834532373,-3.76190476190477,10,9,1,14,6,0,C19orf54; SNRPA,Promoter; Intronic; 5'UTR,9.35824
hct_vena_mean,19_41256519,0.693509383372711,0.0335372663653922,-1.53956834532373,-3.76190476190477,10,9,1,14,6,0,C19orf54; SNRPA,Promoter,9.35824
hct_vena_mean,11_10476689,0.697657522261348,0.0412527809832426,-1.95238095238096,-3.34343434343435,14,6,0,9,11,0,AMPD3,Promoter; Intronic,8.99631
hct_vena_mean,11_10476898,0.697657522261348,0.0412527809832426,-1.95238095238096,-3.34343434343435,14,6,0,9,11,0,AMPD3,Promoter; Intronic; 5'UTR,8.99631
hct_vena_mean,2_228735448,0.697657522261348,0.00223812988585455,-1.95238095238096,-5.07142857142858,14,6,0,14,6,0,DAW1,Promoter,9.76291
hct_vena_mean,2_228735732,0.697657522261348,0.00223812988585455,-1.95238095238096,-5.07142857142858,14,6,0,14,6,0,DAW1,Promoter,9.76291
hct_vena_mean,2_228736313,0.697657522261348,0.00223812988585455,-1.95238095238096,-5.07142857142858,14,6,0,14,6,0,DAW1,5'UTR; ncRNA; Promoter,9.76291
hct_vena_mean,20_44509762,0.706927955570012,0.0325899056748683,1.99999999999999,-7.94736842105264,15,5,0,19,1,0,ZSWIM1,Promoter,10.1506
hct_vena_mean,20_44518843,0.706927955570012,0.0325899056748683,1.99999999999999,-7.94736842105264,15,5,0,19,1,0,CTSA; NEURL2,Promoter; 5'UTR; ncRNA; Intronic,10.1506
hct_vena_mean,4_40428010,0.723891169071708,0.0115757374892933,-1.59615384615385,-4.35714285714286,17,2,1,14,6,0,RBM47,Exonic,6.70259
hct_vena_mean,14_71108448,0.72496236407121,0.0245471308512921,-1.23976608187135,-2.36170212765958,3,11,6,9,7,4,TTC9; LOC101928075,Promoter,8.40187
hct_vena_mean,6_150184882,0.740372640655954,0.00847901058435352,1.03196347031962,3.61068702290077,5,9,6,5,13,2,RAET1E-AS1; LRP11,ncRNA; Exonic,6.45407
hct_vena_mean,6_150185509,0.740372640655954,0.00847901058435352,1.03196347031962,3.61068702290077,5,9,6,5,13,2,RAET1E-AS1; LRP11,ncRNA; Promoter,6.45407
hct_vena_mean,6_150185524,0.740372640655954,0.00847901058435352,1.03196347031962,3.61068702290077,5,9,6,5,13,2,RAET1E-AS1; LRP11,Intronic; Promoter,6.45407
hct_vena_mean,8_27630152,0.746026498893667,0.0412527809832427,-1.26618705035972,3.34343434343435,12,7,1,11,9,0,CCDC25; RNU6-1276P; ESCO2,Promoter; 5'UTR; ncRNA,9.77651
hct_vena_mean,8_27631630,0.746026498893667,0.0412527809832427,-1.26618705035972,3.34343434343435,12,7,1,11,9,0,CCDC25; ESCO2,Promoter,9.77651
hct_vena_mean,2_26781765,0.747326502326483,0.0230021801341154,-1.05,2.731843575419,5,10,5,11,7,2,OTOF,Promoter,13.6058
hct_vena_mean,19_53970675,0.749331906592828,0.0325899056748678,-1.3225806451613,-7.94736842105265,15,4,1,19,1,0,ZNF813,Promoter,10.0217
hct_vena_mean,18_43534628,0.764188271915007,0.0362686565618247,-1.24193548387097,-4.76470588235295,15,4,1,17,3,0,EPG5,Exonic,9.58288
hct_vena_mean,6_52227016,0.774855102108245,0.0170452487018969,-0.844262295081974,-3.23021582733813,10,6,4,12,7,1,PAQR8,5'UTR; Promoter,10.4275
hct_vena_mean,17_3775848,0.781155807238376,0.00908386806191491,-0.863636363636372,-4.47619047619048,13,4,3,14,6,0,CAMKK1,Exonic,9.30486
hct_vena_mean,6_150210681,0.782522290301903,0.00847901058435352,0.899999999999987,3.61068702290077,5,10,5,5,13,2,RAET1E; RAET1E-AS1,Promoter; Exonic; Intronic,6.45407
hct_vena_mean,6_150212596,0.782522290301903,0.00847901058435352,0.899999999999987,3.61068702290077,5,10,5,5,13,2,RAET1E; RAET1E-AS1,Promoter; Intronic,6.45407
hct_vena_mean,6_150217360,0.782522290301903,0.00847901058435352,0.899999999999987,3.61068702290077,5,10,5,5,13,2,RAET1E-AS1; RAET1E,Promoter; Intronic; ncRNA,6.45407
hct_vena_mean,6_150217811,0.782522290301903,0.00847901058435352,0.899999999999987,3.61068702290077,5,10,5,5,13,2,RAET1E-AS1; RAET1E,Promoter; Intronic,6.45407
hct_vena_mean,19_6530997,0.798889998648525,0.00461465660008856,1.46874999999999,-6.13725490196079,16,4,0,17,3,0,TNFSF9,Promoter,11.3871
hct_vena_mean,18_77748659,0.802493404958768,0.00672473431399452,0.978417266187059,-4.25252525252525,10,9,1,9,11,0,TXNL4A,Promoter; Intronic,10.629
hct_vena_mean,16_810655,0.81790684312848,0.00772314570916531,-0.829268292682923,2.92156862745098,8,10,2,9,8,3,MSLN,Promoter,7.17777
hct_vena_mean,16_89386934,0.824362559987105,0.0410287565800642,0.919354838709661,2.38461538461539,7,12,1,8,9,3,LOC100287036; ANKRD11,Promoter; Intronic,10.9866
hct_vena_mean,11_107798886,0.831103350846188,0.0483682335846431,0.834532374100707,-3.52380952380953,10,9,1,14,6,0,RAB39A; SLC35F2,Intronic; Promoter,9.3207
hct_vena_mean,11_107798952,0.831103350846188,0.0483682335846431,0.834532374100707,-3.52380952380953,10,9,1,14,6,0,RAB39A; SLC35F2,5'UTR; Promoter,9.3207
hct_vena_mean,1_90179843,0.834021768697054,0.0288086240544029,-1.61111111111112,-5.8888888888889,18,2,0,18,2,0,LRRC8C,Exonic,9.76519
hct_vena_mean,7_100646077,0.845331506600213,0.0348362371881824,0.899999999999986,3.73809523809524,10,10,0,14,6,0,MUC12,Exonic,19.9416
hct_vena_mean,19_6897464,0.845889113998683,0.0237181755107497,-0.717948717948697,3.0863309352518,5,12,3,10,9,1,ADGRE1,Exonic; Splice Site; Intronic,6.49129
hct_vena_mean,8_128428638,0.865103507855588,0.00515301203161834,-0.529680365296804,3.47435897435898,6,9,5,5,12,3,POU5F1B; CASC8,Intronic; Exonic,7.68739
hct_vena_mean,11_9287030,0.878821795151517,0.0204236793132014,-0.538011695906444,2.90243902439025,9,9,2,8,10,2,DENND5A,Promoter,9.61286
hct_vena_mean,16_22824605,0.880543495269252,0.00467816678167453,0.522727272727263,-3.51612903225807,10,8,2,7,11,2,HS3ST2,Promoter,7.14342
hct_vena_mean,6_166755975,0.896556244627323,0.0115757374892933,-0.599999999999985,4.35714285714286,10,10,0,6,14,0,LOC100289495; SFT2D1,Promoter; ncRNA; 5'UTR,6.46025
hct_vena_mean,6_166755979,0.896556244627323,0.0115757374892933,-0.599999999999985,4.35714285714286,10,10,0,6,14,0,LOC100289495; SFT2D1,Promoter; ncRNA; 5'UTR,6.46025
hct_vena_mean,5_131826765,0.903372534203674,0.0431221810936563,0.413043478260872,3.3,7,10,3,10,10,0,IRF1,Promoter,7.64155
hct_vena_mean,5_131826875,0.903372534203674,0.0431221810936563,0.413043478260872,3.3,7,10,3,10,10,0,IRF1,Promoter,7.64155
hct_vena_mean,5_131826880,0.903372534203674,0.0431221810936563,0.413043478260872,3.3,7,10,3,10,10,0,IRF1,Promoter,7.64155
hct_vena_mean,5_131827065,0.903372534203674,0.0431221810936563,0.413043478260872,3.3,7,10,3,10,10,0,IRF1,Promoter,7.64155
hct_vena_mean,5_131827191,0.903372534203674,0.0431221810936563,0.413043478260872,3.3,7,10,3,10,10,0,IRF1,Promoter,7.64155
hct_vena_mean,2_55445061,0.919462003882319,0.0437748885718404,-0.777777777777789,-3.8,18,2,0,15,5,0,CLHC1,Exonic; Intronic; ncRNA; 5'UTR,7.00822
hct_vena_mean,1_193074651,0.935555948790422,0.0353054465764645,-0.316546762589907,-2.6140350877193,3,13,4,6,11,3,GLRX2,Promoter; Exonic; Intronic,7.77893
hct_vena_mean,1_193075108,0.935555948790422,0.0353054465764645,-0.316546762589907,-2.6140350877193,3,13,4,6,11,3,GLRX2,Promoter; 5'UTR,7.77893
hct_vena_mean,1_193090865,0.935555948790422,0.0353054465764645,-0.316546762589907,-2.6140350877193,3,13,4,6,11,3,CDC73,Promoter,7.77893
hct_vena_mean,2_26800422,0.938179259200961,0.0332763667597749,0.24644549763032,2.60227272727273,7,9,4,10,8,2,FAM166C,Exonic,-1
hct_vena_mean,13_95954210,0.946308479100956,0.00711636985727397,0.21004566210045,-2.74468085106383,12,5,3,9,7,4,ABCC4,Promoter,9.2126
hct_vena_mean,11_78600865,0.965439846670611,0.00481000074485998,0.333333333333324,-7.27777777777778,18,2,0,18,2,0,TENM4,Exonic,6.88537
hct_vena_mean,18_77794026,0.978583256085275,0.0410287565800642,0.0853080568720428,-2.38461538461539,10,7,3,8,9,3,TXNL4A; RBFA,Promoter,10.629
hct_vena_mean,11_10715124,0.980638643690205,0.0218163350302519,0.156862745098032,-5.15686274509804,17,3,0,17,3,0,MRVI1,Promoter; Exonic; 5'UTR,7.38115
hct_vena_mean,18_77793710,0.982716217533553,0.0103301136269418,0.100000000000015,-3.53435114503817,10,10,0,8,11,1,TXNL4A; RBFA,Promoter; Intronic,10.629
hct_vena_mean,19_53897954,0.985887514450398,0.039365828790798,0.0833333333333225,-2.14754098360656,12,8,0,10,6,4,ZNF765; ZNF765-ZNF761,Promoter,10.0217
hct_vena_mean,20_36530549,0.995159253845563,0.0348979524936006,-0.0392156862745199,-4.28125000000001,17,3,0,16,4,0,VSTM2L,Promoter,6.38844
