phenotype,SNP,n,pvalue
height,chr2_46422181,11,0.0264225235887939
height,chr2_46423643,11,0.0359255401843194
height,chr2_46423643,11,0.0359255401843194
height,chr2_46427443,11,0.0264225235887939
height,chr2_46427785,11,0.0264225235887939
height,chr2_46431658,11,0.0264225235887939
height,chr2_46431794,11,0.0264225235887939
height,chr2_46433996,11,0.0264225235887939
height,chr2_46435708,11,0.0264225235887939
height,chr2_46435773,11,0.0264225235887939
height,chr2_46435845,11,0.0264225235887939
height,chr2_46436046,11,0.0264225235887939
height,chr2_46439171,11,0.0264225235887939
height,chr2_46439290,11,0.0264225235887939
height,chr2_46443115,11,0.0264225235887939
height,chr2_46447575,11,0.0264225235887939
height,chr2_46549389,11,0.0137052533109183
height,chr2_46549389,11,0.0137052533109183
bmi,chr2_46483226,11,0.0244732179509237
cms_score,chr2_46439787,11,0.0218819054173352
cms_score,chr2_46439789,11,0.0218819054173352
cms_score,chr2_46439791,11,0.0218819054173352
cms_score,chr2_46439792,11,0.0218819054173352
cms_score,chr2_46470479,11,0.0298022796059178
hcto_av,chr2_46432061,11,0.00862660559519901
hcto_av,chr2_46471382,11,0.0493109286853889
hcto_av,chr2_46471382,11,0.0493109286853889
hcto_av,chr2_46474439,11,0.0493109286853889
hcto_av,chr2_46474439,11,0.0493109286853889
hcto_av,chr2_46474768,11,0.0493109286853889
hcto_av,chr2_46479299,11,0.0493109286853889
hcto_av,chr2_46479299,11,0.0493109286853889
hcto_av,chr2_46480946,11,0.0493109286853889
hcto_av,chr2_46480946,11,0.0493109286853889
hcto_av,chr2_46483575,11,0.00145475502764631
hcto_av,chr2_46493976,11,0.0121654090765212
hcto_av,chr2_46506644,11,0.020018197403051
hcto_av,chr2_46507482,11,0.020018197403051
hcto_av,chr2_46508424,11,0.020018197403051
hcto_av,chr2_46510739,11,0.0128044148790192
hcto_av,chr2_46510778,11,0.0128044148790192
hcto_av,chr2_46510792,11,0.0128044148790192
hcto_av,chr2_46511973,11,0.0128044148790192
hcto_av,chr2_46514923,11,0.020018197403051
hcto_av,chr2_46515276,11,0.020018197403051
hcto_av,chr2_46515821,11,0.020018197403051
hcto_av,chr2_46516360,11,0.0128044148790192
hcto_av,chr2_46517061,11,0.0128044148790192
hcto_av,chr2_46518538,11,0.020018197403051
hcto_av,chr2_46518723,11,0.020018197403051
hcto_av,chr2_46634645,11,0.0384288623634165
hcto_av,chr2_46634800,11,0.0384288623634165
hcto_av,chr2_46635783,11,0.0384288623634165
hcto_av,chr2_46636143,11,0.0384288623634165
hcto_av,chr2_46636277,11,0.0384288623634165
hcto_av,chr2_46636456,11,0.0384288623634165
hcto_av,chr2_46637081,11,0.0155240590217097
hcto_av,chr2_46638563,11,0.0155240590217097
hcto_av,chr2_46639626,11,0.0155240590217097
hcto_av,chr2_46641048,11,0.0155240590217097
hcto_av,chr2_46641465,11,0.0155240590217097
hcto_av,chr2_46642101,11,0.0155240590217097
hcto_av,chr2_46642987,11,0.0155240590217097
hcto_av,chr2_46643193,11,0.0155240590217097
hcto_av,chr2_46644527,11,0.0155240590217097
hcto_av,chr2_46644551,11,0.0155240590217097
hcto_av,chr2_46645035,11,0.0155240590217097
hcto_av,chr2_46645272,11,0.0155240590217097
hcto_av,chr2_46645278,11,0.0155240590217097
hcto_av,chr2_46647557,11,0.0301450407742856
hcto_av,chr2_46647908,11,0.0155240590217097
hcto_av,chr2_46650180,11,0.0301450407742856
hcto_av,chr2_46650221,11,0.0155240590217097
hcto_av,chr2_46650244,11,0.0155240590217097
hcto_av,chr2_46651680,11,0.0155240590217097
hcto_av,chr2_46653793,11,0.0155240590217097
hcto_av,chr2_46654883,11,0.0155240590217097
hcto_av,chr2_46654883,11,0.0155240590217097
hcto_av,chr2_46654883,11,0.0155240590217097
hcto_av,chr2_46654883,11,0.0155240590217097
hcto_av,chr2_46655679,11,0.0155240590217097
hcto_av,chr2_46655679,11,0.0155240590217097
hcto_av,chr2_46655679,11,0.0155240590217097
hcto_av,chr2_46655679,11,0.0155240590217097
hcto_av,chr2_46656534,11,0.0155240590217097
hcto_av,chr2_46656534,11,0.0155240590217097
hcto_av,chr2_46656534,11,0.0155240590217097
hcto_av,chr2_46656534,11,0.0155240590217097
hcto_av,chr2_46656819,11,0.0155240590217097
hcto_av,chr2_46656819,11,0.0155240590217097
hcto_av,chr2_46656819,11,0.0155240590217097
hcto_av,chr2_46656819,11,0.0155240590217097
hcto_av,chr2_46657279,11,0.0155240590217097
hcto_av,chr2_46657279,11,0.0155240590217097
hcto_av,chr2_46657279,11,0.0155240590217097
hcto_av,chr2_46657279,11,0.0155240590217097
hcto_av,chr2_46659402,11,0.0155240590217097
hcto_av,chr2_46659402,11,0.0155240590217097
hcto_av,chr2_46659402,11,0.0155240590217097
hcto_av,chr2_46690966,11,0.0384288623634165
hcto_av,chr2_46691259,11,0.0384288623634165
hcto_av,chr2_46693485,11,0.0384288623634165
hcto_av,chr2_46693963,11,0.0384288623634165
hcto_av,chr2_46695099,11,0.0384288623634165
hcto_av,chr2_46696021,11,0.0384288623634165
hcto_av,chr2_46696236,11,0.0384288623634165
hcto_av,chr2_46696299,11,0.0384288623634165
hcto_av,chr2_46696355,11,0.0384288623634165
hcto_av,chr2_46700433,11,0.0384288623634165
hcto_av,chr2_46701043,11,0.0384288623634165
hcto_av,chr2_46702651,11,0.0384288623634165
hcto_av,chr2_46702722,11,0.0384288623634165
hcto_av,chr2_46703090,11,0.0384288623634165
hcto_av,chr2_46704362,11,0.0384288623634165
hcto_av,chr2_46705064,11,0.0384288623634165
hcto_av,chr2_46705064,11,0.0384288623634165
hcto_av,chr2_46705598,11,0.0384288623634165
hcto_av,chr2_46705598,11,0.0384288623634165
hcto_av,chr2_46707886,11,0.0384288623634165
hcto_av,chr2_46707886,11,0.0384288623634165
hcto_av,chr2_46712680,11,0.0384288623634165
hcto_av,chr2_46713478,11,0.0384288623634165
spo2,chr2_46420824,11,0.0436460253376321
spo2,chr2_46420824,11,0.0436460253376321
spo2,chr2_46422181,11,0.0171492041290909
spo2,chr2_46423788,11,0.031317671239231
spo2,chr2_46423788,11,0.031317671239231
spo2,chr2_46426435,11,0.0436460253376321
spo2,chr2_46426895,11,0.0436460253376321
spo2,chr2_46426943,11,0.0436460253376321
spo2,chr2_46427443,11,0.0171492041290909
spo2,chr2_46427785,11,0.0171492041290909
spo2,chr2_46430233,11,0.0436460253376321
spo2,chr2_46430233,11,0.0436460253376321
spo2,chr2_46430950,11,0.0436460253376321
spo2,chr2_46431658,11,0.0171492041290909
spo2,chr2_46431794,11,0.0171492041290909
spo2,chr2_46433996,11,0.0171492041290909
spo2,chr2_46435708,11,0.0171492041290909
spo2,chr2_46435773,11,0.0171492041290909
spo2,chr2_46435845,11,0.0171492041290909
spo2,chr2_46436046,11,0.0171492041290909
spo2,chr2_46439171,11,0.0171492041290909
spo2,chr2_46439290,11,0.0171492041290909
spo2,chr2_46439661,11,0.0436460253376321
spo2,chr2_46439954,11,0.0436460253376321
spo2,chr2_46443115,11,0.0171492041290909
spo2,chr2_46446082,11,0.0436460253376321
spo2,chr2_46446082,11,0.0436460253376321
spo2,chr2_46447575,11,0.0171492041290909
spo2,chr2_46449735,11,0.0436460253376321
spo2,chr2_46454212,11,0.0436460253376321
spo2,chr2_46454212,11,0.0436460253376321
spo2,chr2_46461855,11,0.0057980048344401
spo2,chr2_46462505,11,0.0057980048344401
spo2,chr2_46462868,11,0.0057980048344401
spo2,chr2_46463178,11,0.0057980048344401
spo2,chr2_46463285,11,0.0057980048344401
spo2,chr2_46463334,11,0.0057980048344401
spo2,chr2_46463646,11,0.0057980048344401
spo2,chr2_46463899,11,0.0057980048344401
spo2,chr2_46464294,11,0.00150960566349287
spo2,chr2_46464297,11,0.0104764814631046
spo2,chr2_46464297,11,0.0104764814631046
spo2,chr2_46464385,11,0.0057980048344401
spo2,chr2_46464639,11,0.0057980048344401
spo2,chr2_46466231,11,0.0057980048344401
spo2,chr2_46469825,11,0.0057980048344401
spo2,chr2_46469828,11,0.0057980048344401
spo2,chr2_46469941,11,0.0057980048344401
spo2,chr2_46471003,11,0.000313706652331079
spo2,chr2_46472988,11,0.0104764814631046
spo2,chr2_46473000,11,0.000313706652331079
spo2,chr2_46474762,11,0.0104764814631046
spo2,chr2_46476128,11,0.00387681351047412
spo2,chr2_46476293,11,0.0104764814631046
spo2,chr2_46477861,11,0.000313706652331079
spo2,chr2_46478506,11,0.00150960566349287
spo2,chr2_46486213,11,0.00150960566349287
spo2,chr2_46486342,11,0.00150960566349287
spo2,chr2_46486643,11,0.00150960566349287
spo2,chr2_46487144,11,0.00150960566349287
spo2,chr2_46487200,11,0.00150960566349287
spo2,chr2_46487660,11,0.00150960566349287
spo2,chr2_46488000,11,0.00150960566349287
spo2,chr2_46488043,11,0.00150960566349287
spo2,chr2_46488081,11,0.00150960566349287
spo2,chr2_46488142,11,0.00150960566349287
spo2,chr2_46488186,11,0.00150960566349287
spo2,chr2_46488484,11,0.00150960566349287
spo2,chr2_46488494,11,0.00150960566349287
spo2,chr2_46489043,11,0.00150960566349287
spo2,chr2_46489054,11,0.00150960566349287
spo2,chr2_46489062,11,0.00150960566349287
spo2,chr2_46489130,11,0.00150960566349287
spo2,chr2_46489159,11,0.00150960566349287
spo2,chr2_46489357,11,0.00150960566349287
spo2,chr2_46489795,11,0.00150960566349287
spo2,chr2_46489873,11,0.00150960566349287
spo2,chr2_46490528,11,0.00150960566349287
spo2,chr2_46490631,11,0.00150960566349287
spo2,chr2_46490816,11,0.00150960566349287
spo2,chr2_46490849,11,0.00150960566349287
spo2,chr2_46491081,11,0.00150960566349287
spo2,chr2_46491086,11,0.00150960566349287
spo2,chr2_46491098,11,0.00150960566349287
spo2,chr2_46491349,11,0.00150960566349287
spo2,chr2_46491367,11,0.00150960566349287
spo2,chr2_46492033,11,0.00150960566349287
spo2,chr2_46492759,11,0.00150960566349287
spo2,chr2_46495492,11,0.00150960566349287
spo2,chr2_46504962,11,0.0304576420961466
spo2,chr2_46507101,11,0.00150960566349287
spo2,chr2_46509225,11,0.0304576420961466
spo2,chr2_46509657,11,0.0304576420961466
spo2,chr2_46509894,11,0.0304576420961466
spo2,chr2_46510146,11,0.00350850088831096
spo2,chr2_46511404,11,0.0304576420961466
spo2,chr2_46511976,11,0.0304576420961466
spo2,chr2_46512314,11,0.0304576420961466
spo2,chr2_46518129,11,0.00350850088831096
spo2,chr2_46524580,11,0.00150960566349287
spo2,chr2_46524580,11,0.00150960566349287
spo2,chr2_46550492,11,0.0104764814631046
spo2,chr2_46550492,11,0.0104764814631046
spo2,chr2_46550492,11,0.0104764814631046
spo2,chr2_46550492,11,0.0104764814631046
spo2,chr2_46550718,11,0.0104764814631046
spo2,chr2_46550718,11,0.0104764814631046
spo2,chr2_46550718,11,0.0104764814631046
spo2,chr2_46550718,11,0.0104764814631046
spo2,chr2_46551318,11,0.0104764814631046
spo2,chr2_46551318,11,0.0104764814631046
spo2,chr2_46551318,11,0.0104764814631046
spo2,chr2_46551318,11,0.0104764814631046
spo2,chr2_46552177,11,0.0104764814631046
spo2,chr2_46552177,11,0.0104764814631046
spo2,chr2_46552177,11,0.0104764814631046
spo2,chr2_46552177,11,0.0104764814631046
spo2,chr2_46552601,11,0.0104764814631046
spo2,chr2_46552601,11,0.0104764814631046
spo2,chr2_46552601,11,0.0104764814631046
spo2,chr2_46552601,11,0.0104764814631046
spo2,chr2_46692116,11,0.00150960566349287
spo2,chr2_46708119,11,0.00150960566349287
spo2,chr2_46708119,11,0.00150960566349287
sbp_av,chr2_46460647,11,0.0372838985714497
sbp_av,chr2_46499957,11,0.00669841470082987
sbp_av,chr2_46508184,11,0.00669841470082987
sbp_av,chr2_46565860,11,0.00669841470082987
sbp_av,chr2_46565860,11,0.00669841470082987
sbp_av,chr2_46583162,11,0.00669841470082987
sbp_av,chr2_46583162,11,0.00669841470082987
sbp_av,chr2_46589487,11,0.0438081194561771
sbp_av,chr2_46589487,11,0.0438081194561771
sbp_av,chr2_46591562,11,0.0175605659740075
sbp_av,chr2_46591562,11,0.0175605659740075
sbp_av,chr2_46595363,11,0.00669841470082987
sbp_av,chr2_46595363,11,0.00669841470082987
sbp_av,chr2_46612007,11,0.00669841470082987
sbp_av,chr2_46612007,11,0.00669841470082987
sbp_av,chr2_46613523,11,0.00669841470082987
sbp_av,chr2_46613523,11,0.00669841470082987
sbp_av,chr2_46632194,11,0.00669841470082987
sbp_av,chr2_46632194,11,0.00669841470082987
sbp_av,chr2_46636967,11,0.00669841470082987
sbp_av,chr2_46636967,11,0.00669841470082987
dbp_av,chr2_46471702,11,0.04383035239964
dbp_av,chr2_46479733,11,0.04383035239964
dbp_av,chr2_46591562,11,0.00102734521887227
dbp_av,chr2_46591562,11,0.00102734521887227
odi_b,chr2_46499957,9,0.0401002810607433
odi_b,chr2_46508184,9,0.0401002810607433
odi_b,chr2_46565860,9,0.0401002810607433
odi_b,chr2_46565860,9,0.0401002810607433
odi_b,chr2_46583162,9,0.0401002810607433
odi_b,chr2_46583162,9,0.0401002810607433
odi_b,chr2_46595363,9,0.0401002810607433
odi_b,chr2_46595363,9,0.0401002810607433
odi_b,chr2_46612007,9,0.0401002810607433
odi_b,chr2_46612007,9,0.0401002810607433
odi_b,chr2_46613523,9,0.0401002810607433
odi_b,chr2_46613523,9,0.0401002810607433
odi_b,chr2_46632194,9,0.0401002810607433
odi_b,chr2_46632194,9,0.0401002810607433
odi_b,chr2_46636967,9,0.0401002810607433
odi_b,chr2_46636967,9,0.0401002810607433
meansatuation_b,chr2_46466531,9,0.0166988907951613
minsaturation_b,chr2_46466531,9,0.0245486829079145
satbelow80_b,chr2_46543994,9,0.000674582352112116
satbelow80_b,chr2_46543994,9,0.000674582352112116
satbelow80_b,chr2_46571413,9,0.000674582352112116
satbelow80_b,chr2_46571413,9,0.000674582352112116
satbelow80_b,chr2_46579798,9,0.000674582352112116
satbelow80_b,chr2_46579798,9,0.000674582352112116
satbelow80_b,chr2_46621442,9,0.000674582352112116
satbelow80_b,chr2_46621442,9,0.000674582352112116
sleepefficiency_b,chr2_46461855,10,0.0157395655190944
sleepefficiency_b,chr2_46462505,10,0.0157395655190944
sleepefficiency_b,chr2_46462868,10,0.0157395655190944
sleepefficiency_b,chr2_46463178,10,0.0157395655190944
sleepefficiency_b,chr2_46463285,10,0.0157395655190944
sleepefficiency_b,chr2_46463334,10,0.0157395655190944
sleepefficiency_b,chr2_46463646,10,0.0157395655190944
sleepefficiency_b,chr2_46463899,10,0.0157395655190944
sleepefficiency_b,chr2_46464385,10,0.0157395655190944
sleepefficiency_b,chr2_46464639,10,0.0157395655190944
sleepefficiency_b,chr2_46466231,10,0.0157395655190944
sleepefficiency_b,chr2_46469825,10,0.0157395655190944
sleepefficiency_b,chr2_46469828,10,0.0157395655190944
sleepefficiency_b,chr2_46469941,10,0.0157395655190944
sleepefficiency_b,chr2_46622873,10,0.00803750409730758
sleepefficiency_b,chr2_46622873,10,0.00803750409730758
sao2,chr2_46447750,9,0.0353929323156374
sao2,chr2_46591562,10,0.0264899612141528
sao2,chr2_46591562,10,0.0264899612141528
sao2,chr2_46711338,10,0.0360228388506147
sao2,chr2_46711338,10,0.0360228388506147
vibtps,chr2_46471702,10,0.0312019213306796
vibtps,chr2_46479733,10,0.0312019213306796
vibtps,chr2_46484188,10,0.024716194465974
vibtps,chr2_46485481,10,0.031102531302688
vibtps,chr2_46490132,10,0.031102531302688
vibtps,chr2_46493418,10,0.031102531302688
vibtps,chr2_46493484,10,0.031102531302688
vibtps,chr2_46493484,10,0.031102531302688
vibtps,chr2_46493671,10,0.031102531302688
vibtps,chr2_46493982,10,0.031102531302688
vibtps,chr2_46493982,10,0.031102531302688
vibtps,chr2_46499736,10,0.031102531302688
vibtps,chr2_46499736,10,0.031102531302688
vibtps,chr2_46513008,10,0.024716194465974
vibtps,chr2_46513008,10,0.024716194465974
vibtps,chr2_46552047,10,0.0254922943794465
vibtps,chr2_46552047,10,0.0254922943794465
vibtps,chr2_46552926,10,0.0254922943794465
vibtps,chr2_46552926,10,0.0254922943794465
vibtps,chr2_46570708,10,0.0254922943794465
vibtps,chr2_46570708,10,0.0254922943794465
vibtps,chr2_46677830,10,0.014167910787673
vibtps,chr2_46677830,10,0.014167910787673
vibtpskg,chr2_46484186,10,0.0392659346533096
vibtpskg,chr2_46484188,10,0.0477284758568523
vibtpskg,chr2_46484537,10,0.0392659346533096
vibtpskg,chr2_46484564,10,0.0392659346533096
vibtpskg,chr2_46484636,10,0.0392659346533096
vibtpskg,chr2_46485481,10,0.0295815812271225
vibtpskg,chr2_46490132,10,0.0295815812271225
vibtpskg,chr2_46492445,10,0.0392659346533096
vibtpskg,chr2_46492445,10,0.0392659346533096
vibtpskg,chr2_46493418,10,0.0295815812271225
vibtpskg,chr2_46493484,10,0.0295815812271225
vibtpskg,chr2_46493484,10,0.0295815812271225
vibtpskg,chr2_46493671,10,0.0295815812271225
vibtpskg,chr2_46493982,10,0.0295815812271225
vibtpskg,chr2_46493982,10,0.0295815812271225
vibtpskg,chr2_46495252,10,0.0392659346533096
vibtpskg,chr2_46495252,10,0.0392659346533096
vibtpskg,chr2_46498621,10,0.0392659346533096
vibtpskg,chr2_46498621,10,0.0392659346533096
vibtpskg,chr2_46499681,10,0.0392659346533096
vibtpskg,chr2_46499681,10,0.0392659346533096
vibtpskg,chr2_46499736,10,0.0295815812271225
vibtpskg,chr2_46499736,10,0.0295815812271225
vibtpskg,chr2_46501969,10,0.0392659346533096
vibtpskg,chr2_46502215,10,0.0392659346533096
vibtpskg,chr2_46502227,10,0.0392659346533096
vibtpskg,chr2_46502593,10,0.0392659346533096
vibtpskg,chr2_46502979,10,0.0392659346533096
vibtpskg,chr2_46506577,10,0.0258857026738766
vibtpskg,chr2_46507414,10,0.0258857026738766
vibtpskg,chr2_46507532,10,0.0258857026738766
vibtpskg,chr2_46507848,10,0.0392659346533096
vibtpskg,chr2_46508054,10,0.0239378749095969
vibtpskg,chr2_46511849,10,0.0392659346533096
vibtpskg,chr2_46511939,10,0.0239378749095969
vibtpskg,chr2_46512846,10,0.0239378749095969
vibtpskg,chr2_46513008,10,0.0477284758568523
vibtpskg,chr2_46513008,10,0.0477284758568523
vibtpskg,chr2_46513575,10,0.0239378749095969
vibtpskg,chr2_46513683,10,0.0239378749095969
vibtpskg,chr2_46514517,10,0.0239378749095969
vibtpskg,chr2_46518502,10,0.0392659346533096
vibtpskg,chr2_46518894,10,0.0392659346533096
vibtpskg,chr2_46529448,10,0.0239378749095969
vibtpskg,chr2_46529448,10,0.0239378749095969
vibtpskg,chr2_46547494,10,0.0239378749095969
vibtpskg,chr2_46547494,10,0.0239378749095969
vibtpskg,chr2_46547494,10,0.0239378749095969
vibtpskg,chr2_46547494,10,0.0239378749095969
vibtpskg,chr2_46552047,10,0.0148262949092367
vibtpskg,chr2_46552047,10,0.0148262949092367
vibtpskg,chr2_46552926,10,0.0148262949092367
vibtpskg,chr2_46552926,10,0.0148262949092367
vibtpskg,chr2_46570708,10,0.0148262949092367
vibtpskg,chr2_46570708,10,0.0148262949092367
vibtpskg,chr2_46590824,10,0.0239378749095969
vibtpskg,chr2_46590824,10,0.0239378749095969
vibtpskg,chr2_46601855,10,0.0239378749095969
vibtpskg,chr2_46601855,10,0.0239378749095969
vibtpskg,chr2_46602753,10,0.0239378749095969
vibtpskg,chr2_46602753,10,0.0239378749095969
vibtpskg,chr2_46630823,10,0.0239378749095969
vibtpskg,chr2_46677830,10,0.0409237993502826
vibtpskg,chr2_46677830,10,0.0409237993502826
peco2_mmhg,chr2_46543994,10,0.000956242441952456
peco2_mmhg,chr2_46543994,10,0.000956242441952456
peco2_mmhg,chr2_46549075,10,0.0429203099043428
peco2_mmhg,chr2_46549075,10,0.0429203099043428
peco2_mmhg,chr2_46571413,10,0.000956242441952456
peco2_mmhg,chr2_46571413,10,0.000956242441952456
peco2_mmhg,chr2_46579798,10,0.000956242441952456
peco2_mmhg,chr2_46579798,10,0.000956242441952456
peco2_mmhg,chr2_46621442,10,0.000956242441952456
peco2_mmhg,chr2_46621442,10,0.000956242441952456
peco2_mmhg,chr2_46669944,10,0.0427433381470022
peco2_mmhg,chr2_46671420,10,0.0427433381470022
peco2_mmhg,chr2_46673903,10,0.0427433381470022
peco2_mmhg,chr2_46674934,10,0.0427433381470022
peco2_mmhg,chr2_46675665,10,0.0427433381470022
peco2_mmhg,chr2_46675665,10,0.0427433381470022
peco2_mmhg,chr2_46680059,10,0.0433734828785598
peco2_mmhg,chr2_46683202,9,0.0290784085634962
peco2_mmhg,chr2_46687062,10,0.0427433381470022
peco2_mmhg,chr2_46687982,10,0.0427433381470022
peco2_mmhg,chr2_46688688,10,0.0427433381470022
hvr,chr2_46484188,10,0.0394776253570754
hvr,chr2_46485130,10,0.00285376767533972
hvr,chr2_46485481,10,0.0257889948896475
hvr,chr2_46490132,10,0.0257889948896475
hvr,chr2_46493418,10,0.0257889948896475
hvr,chr2_46493484,10,0.0257889948896475
hvr,chr2_46493484,10,0.0257889948896475
hvr,chr2_46493671,10,0.0257889948896475
hvr,chr2_46493976,10,0.000515864390104285
hvr,chr2_46493982,10,0.0257889948896475
hvr,chr2_46493982,10,0.0257889948896475
hvr,chr2_46499736,10,0.0257889948896475
hvr,chr2_46499736,10,0.0257889948896475
hvr,chr2_46499957,10,0.0386455014366678
hvr,chr2_46506644,10,0.00116806172342773
hvr,chr2_46507482,10,0.00116806172342773
hvr,chr2_46508184,10,0.0386455014366678
hvr,chr2_46508424,10,0.00116806172342773
hvr,chr2_46510739,10,0.000515864390104285
hvr,chr2_46510778,10,0.000515864390104285
hvr,chr2_46510792,10,0.000515864390104285
hvr,chr2_46511973,10,0.000515864390104285
hvr,chr2_46513008,10,0.0394776253570754
hvr,chr2_46513008,10,0.0394776253570754
hvr,chr2_46514445,10,0.00285376767533972
hvr,chr2_46514573,10,0.00285376767533972
hvr,chr2_46514923,10,0.00116806172342773
hvr,chr2_46515276,10,0.00116806172342773
hvr,chr2_46515821,10,0.00116806172342773
hvr,chr2_46516360,10,0.000515864390104285
hvr,chr2_46517061,10,0.000515864390104285
hvr,chr2_46518538,10,0.00116806172342773
hvr,chr2_46518723,10,0.00116806172342773
hvr,chr2_46520704,10,0.0207146064321581
hvr,chr2_46535000,10,0.0207146064321581
hvr,chr2_46535000,10,0.0207146064321581
hvr,chr2_46535001,10,0.0207146064321581
hvr,chr2_46535001,10,0.0207146064321581
hvr,chr2_46565860,10,0.0386455014366678
hvr,chr2_46565860,10,0.0386455014366678
hvr,chr2_46583162,10,0.0386455014366678
hvr,chr2_46583162,10,0.0386455014366678
hvr,chr2_46595363,10,0.0386455014366678
hvr,chr2_46595363,10,0.0386455014366678
hvr,chr2_46612007,10,0.0386455014366678
hvr,chr2_46612007,10,0.0386455014366678
hvr,chr2_46613523,10,0.0386455014366678
hvr,chr2_46613523,10,0.0386455014366678
hvr,chr2_46632194,10,0.0386455014366678
hvr,chr2_46632194,10,0.0386455014366678
hvr,chr2_46636967,10,0.0386455014366678
hvr,chr2_46636967,10,0.0386455014366678
hypercapnic_hvr,chr2_46485481,10,0.0394482280937468
hypercapnic_hvr,chr2_46490132,10,0.0394482280937468
hypercapnic_hvr,chr2_46493418,10,0.0394482280937468
hypercapnic_hvr,chr2_46493484,10,0.0394482280937468
hypercapnic_hvr,chr2_46493484,10,0.0394482280937468
hypercapnic_hvr,chr2_46493671,10,0.0394482280937468
hypercapnic_hvr,chr2_46493982,10,0.0394482280937468
hypercapnic_hvr,chr2_46493982,10,0.0394482280937468
hypercapnic_hvr,chr2_46499736,10,0.0394482280937468
hypercapnic_hvr,chr2_46499736,10,0.0394482280937468
hypercapnic_hvr,chr2_46506577,10,0.0294451924282917
hypercapnic_hvr,chr2_46507414,10,0.0294451924282917
hypercapnic_hvr,chr2_46507532,10,0.0294451924282917
hypercapnic_hvr,chr2_46508054,10,0.0223466982579804
hypercapnic_hvr,chr2_46511939,10,0.0223466982579804
hypercapnic_hvr,chr2_46512846,10,0.0223466982579804
hypercapnic_hvr,chr2_46513575,10,0.0223466982579804
hypercapnic_hvr,chr2_46513683,10,0.0223466982579804
hypercapnic_hvr,chr2_46514517,10,0.0223466982579804
hypercapnic_hvr,chr2_46529448,10,0.0223466982579804
hypercapnic_hvr,chr2_46529448,10,0.0223466982579804
hypercapnic_hvr,chr2_46547494,10,0.0223466982579804
hypercapnic_hvr,chr2_46547494,10,0.0223466982579804
hypercapnic_hvr,chr2_46547494,10,0.0223466982579804
hypercapnic_hvr,chr2_46547494,10,0.0223466982579804
hypercapnic_hvr,chr2_46552047,10,0.0206413539546459
hypercapnic_hvr,chr2_46552047,10,0.0206413539546459
hypercapnic_hvr,chr2_46552926,10,0.0206413539546459
hypercapnic_hvr,chr2_46552926,10,0.0206413539546459
hypercapnic_hvr,chr2_46570708,10,0.0206413539546459
hypercapnic_hvr,chr2_46570708,10,0.0206413539546459
hypercapnic_hvr,chr2_46590824,10,0.0223466982579804
hypercapnic_hvr,chr2_46590824,10,0.0223466982579804
hypercapnic_hvr,chr2_46598568,10,0.0343109736544463
hypercapnic_hvr,chr2_46598568,10,0.0343109736544463
hypercapnic_hvr,chr2_46601855,10,0.0223466982579804
hypercapnic_hvr,chr2_46601855,10,0.0223466982579804
hypercapnic_hvr,chr2_46602753,10,0.0223466982579804
hypercapnic_hvr,chr2_46602753,10,0.0223466982579804
hypercapnic_hvr,chr2_46630823,10,0.0223466982579804
hcvr,chr2_46426513,10,0.0369769005456
hcvr,chr2_46470479,10,0.0339642309099324
hvr_corrected_,chr2_46484188,10,0.0459759832386812
hvr_corrected_,chr2_46485130,10,0.0037738479419901
hvr_corrected_,chr2_46485481,10,0.0319239586869173
hvr_corrected_,chr2_46490132,10,0.0319239586869173
hvr_corrected_,chr2_46493418,10,0.0319239586869173
hvr_corrected_,chr2_46493484,10,0.0319239586869173
hvr_corrected_,chr2_46493484,10,0.0319239586869173
hvr_corrected_,chr2_46493671,10,0.0319239586869173
hvr_corrected_,chr2_46493976,10,0.000386530135280971
hvr_corrected_,chr2_46493982,10,0.0319239586869173
hvr_corrected_,chr2_46493982,10,0.0319239586869173
hvr_corrected_,chr2_46499736,10,0.0319239586869173
hvr_corrected_,chr2_46499736,10,0.0319239586869173
hvr_corrected_,chr2_46499957,10,0.0364358646454168
hvr_corrected_,chr2_46506644,10,0.0013368951879028
hvr_corrected_,chr2_46507482,10,0.0013368951879028
hvr_corrected_,chr2_46508184,10,0.0364358646454168
hvr_corrected_,chr2_46508424,10,0.0013368951879028
hvr_corrected_,chr2_46510739,10,0.000386530135280971
hvr_corrected_,chr2_46510778,10,0.000386530135280971
hvr_corrected_,chr2_46510792,10,0.000386530135280971
hvr_corrected_,chr2_46511973,10,0.000386530135280971
hvr_corrected_,chr2_46513008,10,0.0459759832386812
hvr_corrected_,chr2_46513008,10,0.0459759832386812
hvr_corrected_,chr2_46514445,10,0.0037738479419901
hvr_corrected_,chr2_46514573,10,0.0037738479419901
hvr_corrected_,chr2_46514923,10,0.0013368951879028
hvr_corrected_,chr2_46515276,10,0.0013368951879028
hvr_corrected_,chr2_46515821,10,0.0013368951879028
hvr_corrected_,chr2_46516360,10,0.000386530135280971
hvr_corrected_,chr2_46517061,10,0.000386530135280971
hvr_corrected_,chr2_46518538,10,0.0013368951879028
hvr_corrected_,chr2_46518723,10,0.0013368951879028
hvr_corrected_,chr2_46520704,10,0.0213953301731013
hvr_corrected_,chr2_46535000,10,0.0213953301731013
hvr_corrected_,chr2_46535000,10,0.0213953301731013
hvr_corrected_,chr2_46535001,10,0.0213953301731013
hvr_corrected_,chr2_46535001,10,0.0213953301731013
hvr_corrected_,chr2_46565860,10,0.0364358646454168
hvr_corrected_,chr2_46565860,10,0.0364358646454168
hvr_corrected_,chr2_46583162,10,0.0364358646454168
hvr_corrected_,chr2_46583162,10,0.0364358646454168
hvr_corrected_,chr2_46595363,10,0.0364358646454168
hvr_corrected_,chr2_46595363,10,0.0364358646454168
hvr_corrected_,chr2_46612007,10,0.0364358646454168
hvr_corrected_,chr2_46612007,10,0.0364358646454168
hvr_corrected_,chr2_46613523,10,0.0364358646454168
hvr_corrected_,chr2_46613523,10,0.0364358646454168
hvr_corrected_,chr2_46632194,10,0.0364358646454168
hvr_corrected_,chr2_46632194,10,0.0364358646454168
hvr_corrected_,chr2_46636967,10,0.0364358646454168
hvr_corrected_,chr2_46636967,10,0.0364358646454168
hhvr_corrected,chr2_46485481,10,0.0394482280937468
hhvr_corrected,chr2_46490132,10,0.0394482280937468
hhvr_corrected,chr2_46493418,10,0.0394482280937468
hhvr_corrected,chr2_46493484,10,0.0394482280937468
hhvr_corrected,chr2_46493484,10,0.0394482280937468
hhvr_corrected,chr2_46493671,10,0.0394482280937468
hhvr_corrected,chr2_46493982,10,0.0394482280937468
hhvr_corrected,chr2_46493982,10,0.0394482280937468
hhvr_corrected,chr2_46499736,10,0.0394482280937468
hhvr_corrected,chr2_46499736,10,0.0394482280937468
hhvr_corrected,chr2_46506577,10,0.0294451924282917
hhvr_corrected,chr2_46507414,10,0.0294451924282917
hhvr_corrected,chr2_46507532,10,0.0294451924282917
hhvr_corrected,chr2_46508054,10,0.0223466982579804
hhvr_corrected,chr2_46511939,10,0.0223466982579804
hhvr_corrected,chr2_46512846,10,0.0223466982579804
hhvr_corrected,chr2_46513575,10,0.0223466982579804
hhvr_corrected,chr2_46513683,10,0.0223466982579804
hhvr_corrected,chr2_46514517,10,0.0223466982579804
hhvr_corrected,chr2_46529448,10,0.0223466982579804
hhvr_corrected,chr2_46529448,10,0.0223466982579804
hhvr_corrected,chr2_46547494,10,0.0223466982579804
hhvr_corrected,chr2_46547494,10,0.0223466982579804
hhvr_corrected,chr2_46547494,10,0.0223466982579804
hhvr_corrected,chr2_46547494,10,0.0223466982579804
hhvr_corrected,chr2_46552047,10,0.0206413539546459
hhvr_corrected,chr2_46552047,10,0.0206413539546459
hhvr_corrected,chr2_46552926,10,0.0206413539546459
hhvr_corrected,chr2_46552926,10,0.0206413539546459
hhvr_corrected,chr2_46570708,10,0.0206413539546459
hhvr_corrected,chr2_46570708,10,0.0206413539546459
hhvr_corrected,chr2_46590824,10,0.0223466982579804
hhvr_corrected,chr2_46590824,10,0.0223466982579804
hhvr_corrected,chr2_46598568,10,0.0343109736544463
hhvr_corrected,chr2_46598568,10,0.0343109736544463
hhvr_corrected,chr2_46601855,10,0.0223466982579804
hhvr_corrected,chr2_46601855,10,0.0223466982579804
hhvr_corrected,chr2_46602753,10,0.0223466982579804
hhvr_corrected,chr2_46602753,10,0.0223466982579804
hhvr_corrected,chr2_46630823,10,0.0223466982579804
hcvr_corrected,chr2_46470479,10,0.00299539546316385
hrr_hypox,chr2_46471382,10,0.0364852135355553
hrr_hypox,chr2_46471382,10,0.0364852135355553
hrr_hypox,chr2_46474439,10,0.0364852135355553
hrr_hypox,chr2_46474439,10,0.0364852135355553
hrr_hypox,chr2_46474768,10,0.0364852135355553
hrr_hypox,chr2_46479299,10,0.0364852135355553
hrr_hypox,chr2_46479299,10,0.0364852135355553
hrr_hypox,chr2_46480946,10,0.0364852135355553
hrr_hypox,chr2_46480946,10,0.0364852135355553
hrr_hypox,chr2_46484186,10,0.00980363656846098
hrr_hypox,chr2_46484188,10,0.0192073056271868
hrr_hypox,chr2_46484537,10,0.00980363656846098
hrr_hypox,chr2_46484564,10,0.00980363656846098
hrr_hypox,chr2_46484636,10,0.00980363656846098
hrr_hypox,chr2_46485130,10,0.0158349905770932
hrr_hypox,chr2_46485481,10,0.017702960555303
hrr_hypox,chr2_46490132,10,0.017702960555303
hrr_hypox,chr2_46492445,10,0.00980363656846099
hrr_hypox,chr2_46492445,10,0.00980363656846099
hrr_hypox,chr2_46493418,10,0.017702960555303
hrr_hypox,chr2_46493484,10,0.0177029605553029
hrr_hypox,chr2_46493484,10,0.0177029605553029
hrr_hypox,chr2_46493671,10,0.017702960555303
hrr_hypox,chr2_46493982,10,0.0177029605553029
hrr_hypox,chr2_46493982,10,0.0177029605553029
hrr_hypox,chr2_46495252,10,0.00980363656846099
hrr_hypox,chr2_46495252,10,0.00980363656846099
hrr_hypox,chr2_46498621,10,0.00980363656846099
hrr_hypox,chr2_46498621,10,0.00980363656846099
hrr_hypox,chr2_46499681,10,0.00980363656846099
hrr_hypox,chr2_46499681,10,0.00980363656846099
hrr_hypox,chr2_46499736,10,0.0177029605553029
hrr_hypox,chr2_46499736,10,0.0177029605553029
hrr_hypox,chr2_46501969,10,0.00980363656846098
hrr_hypox,chr2_46502215,10,0.00980363656846098
hrr_hypox,chr2_46502227,10,0.00980363656846098
hrr_hypox,chr2_46502593,10,0.00980363656846098
hrr_hypox,chr2_46502979,10,0.00980363656846098
hrr_hypox,chr2_46506644,10,0.0455133739086438
hrr_hypox,chr2_46507482,10,0.0455133739086438
hrr_hypox,chr2_46507848,10,0.00980363656846098
hrr_hypox,chr2_46508424,10,0.0455133739086438
hrr_hypox,chr2_46511849,10,0.00980363656846098
hrr_hypox,chr2_46513008,10,0.0192073056271868
hrr_hypox,chr2_46513008,10,0.0192073056271868
hrr_hypox,chr2_46514445,10,0.0158349905770932
hrr_hypox,chr2_46514573,10,0.0158349905770932
hrr_hypox,chr2_46514923,10,0.0455133739086438
hrr_hypox,chr2_46515276,10,0.0455133739086438
hrr_hypox,chr2_46515821,10,0.0455133739086438
hrr_hypox,chr2_46518502,10,0.00980363656846098
hrr_hypox,chr2_46518538,10,0.0455133739086438
hrr_hypox,chr2_46518723,10,0.0455133739086438
hrr_hypox,chr2_46518894,10,0.00980363656846098
hrr_hypox,chr2_46520704,10,0.0188334306908813
hrr_hypox,chr2_46535000,10,0.0188334306908813
hrr_hypox,chr2_46535000,10,0.0188334306908813
hrr_hypox,chr2_46535001,10,0.0188334306908813
hrr_hypox,chr2_46535001,10,0.0188334306908813
hrr_hypox,chr2_46587107,10,0.00818350395624055
hrr_hypox,chr2_46587107,10,0.00818350395624055
hrr_hypox,chr2_46654436,10,0.00818350395624055
hrr_hypox,chr2_46654436,10,0.00818350395624055
hrr_hypox,chr2_46654436,10,0.00818350395624055
hrr_hypox,chr2_46654436,10,0.00818350395624055
hrr_co2,chr2_46447080,10,0.0493535060619465
hrr_co2,chr2_46471382,10,0.0155630348453619
hrr_co2,chr2_46471382,10,0.0155630348453619
hrr_co2,chr2_46474439,10,0.0155630348453619
hrr_co2,chr2_46474439,10,0.0155630348453619
hrr_co2,chr2_46474768,10,0.0155630348453619
hrr_co2,chr2_46479299,10,0.0155630348453619
hrr_co2,chr2_46479299,10,0.0155630348453619
hrr_co2,chr2_46480946,10,0.0155630348453619
hrr_co2,chr2_46480946,10,0.0155630348453619
hrr_co2,chr2_46483575,10,0.0314039965932091
hrr_co2,chr2_46493976,10,0.0365126846191764
hrr_co2,chr2_46504962,10,0.0221916257728577
hrr_co2,chr2_46506577,10,0.0316702339489505
hrr_co2,chr2_46507414,10,0.0316702339489505
hrr_co2,chr2_46507532,10,0.0316702339489505
hrr_co2,chr2_46509225,10,0.0221916257728577
hrr_co2,chr2_46509657,10,0.0221916257728577
hrr_co2,chr2_46509894,10,0.0221916257728577
hrr_co2,chr2_46510146,10,0.042465648150067
hrr_co2,chr2_46510739,10,0.0365126846191764
hrr_co2,chr2_46510778,10,0.0365126846191764
hrr_co2,chr2_46510792,10,0.0365126846191764
hrr_co2,chr2_46511404,10,0.0221916257728577
hrr_co2,chr2_46511973,10,0.0365126846191764
hrr_co2,chr2_46511976,10,0.0221916257728577
hrr_co2,chr2_46512314,10,0.0221916257728577
hrr_co2,chr2_46516360,10,0.0365126846191764
hrr_co2,chr2_46517061,10,0.0365126846191764
hrr_co2,chr2_46518129,10,0.042465648150067
hrr_co2,chr2_46587107,10,0.00897079035290283
hrr_co2,chr2_46587107,10,0.00897079035290283
hrr_co2,chr2_46598568,10,0.0368184593377114
hrr_co2,chr2_46598568,10,0.0368184593377114
hrr_co2,chr2_46621708,10,0.048492462421941
hrr_co2,chr2_46621708,10,0.048492462421941
hrr_co2,chr2_46622873,10,0.0301699541044718
hrr_co2,chr2_46622873,10,0.0301699541044718
hrr_co2,chr2_46627467,10,0.0465291385092677
hrr_co2,chr2_46627558,10,0.0465291385092677
hrr_co2,chr2_46654436,10,0.00897079035290283
hrr_co2,chr2_46654436,10,0.00897079035290283
hrr_co2,chr2_46654436,10,0.00897079035290283
hrr_co2,chr2_46654436,10,0.00897079035290283
hrr_co2,chr2_46700050,10,0.0457005521753968
hrr_co2,chr2_46701045,10,0.0457005521753968
hrr_co2,chr2_46702269,10,0.0457005521753968
hrr_co2,chr2_46702619,10,0.0457005521753968
hrr_co2,chr2_46703267,10,0.0457005521753968
hrr_co2,chr2_46703269,10,0.0457005521753968
hrr_co2,chr2_46703567,10,0.0457005521753968
hrr_co2,chr2_46703819,10,0.0457005521753968
hrr_co2,chr2_46710168,10,0.0376308499423107
hrr_co2,chr2_46710168,10,0.0376308499423107
